{
  "per_split": {
    "dev": {
      "n_sentences": 997,
      "bytes": {
        "en": 125290,
        "de": 148936,
        "fr": 154573,
        "ar": 200576,
        "zh": 117254
      },
      "premium": {
        "en": 1.0,
        "de": 1.1887301460611381,
        "fr": 1.2337217655040307,
        "ar": 1.6008939260914679,
        "zh": 0.9358608029371858
      }
    },
    "devtest": {
      "n_sentences": 1012,
      "bytes": {
        "en": 132096,
        "de": 156358,
        "fr": 163927,
        "ar": 211263,
        "zh": 120803
      },
      "premium": {
        "en": 1.0,
        "de": 1.1836694525193798,
        "fr": 1.2409686894379846,
        "ar": 1.5993141351744187,
        "zh": 0.9145091448643411
      }
    }
  },
  "bytes_total": {
    "en": 257386,
    "de": 305294,
    "fr": 318500,
    "ar": 411839,
    "zh": 238057
  },
  "premium": {
    "en": 1.0,
    "de": 1.1861328899007717,
    "fr": 1.2374410418593085,
    "ar": 1.6000831436053242,
    "zh": 0.9249026753591881
  },
  "arnett_comparison": null
}