{
  "per_split": {
    "dev": {
      "n_sentences": 997,
      "bytes": {
        "en": 125290,
        "ru": 252298,
        "id": 136386
      },
      "premium": {
        "ru": 2.013712187724479,
        "id": 1.088562534918988
      }
    },
    "devtest": {
      "n_sentences": 1012,
      "bytes": {
        "en": 132096,
        "ru": 260342,
        "id": 142447
      },
      "premium": {
        "ru": 1.9708545300387597,
        "id": 1.0783596778100775
      }
    }
  },
  "bytes_total": {
    "en": 257386,
    "ru": 512640,
    "id": 278833
  },
  "premium": {
    "ru": 1.9917167211891866,
    "id": 1.0833262104387962
  }
}