run,name,wandb_id,leg,step,tokens,metric,value
ctrl-scratch__en-ar__unigram_starved,ctrl-scratch__en-ar__unigram_starved,ctrl-scratch__en-ar__unigram_starved,,239,250609664.0,eval/flores_ar_bpb,1.3089702272523858
ctrl-scratch__en-ar__unigram_starved,ctrl-scratch__en-ar__unigram_starved,ctrl-scratch__en-ar__unigram_starved,,239,250609664.0,eval/flores_en_bpb,1.8432623389691816
ctrl-scratch__en-ar__unigram_starved,ctrl-scratch__en-ar__unigram_starved,ctrl-scratch__en-ar__unigram_starved,,239,250609664.0,eval/holdout_ar_bpb,1.2898187144085778
ctrl-scratch__en-ar__unigram_starved,ctrl-scratch__en-ar__unigram_starved,ctrl-scratch__en-ar__unigram_starved,,239,250609664.0,eval/holdout_en_bpb,1.730814100725571
ctrl-scratch__en-ar__unigram_starved,ctrl-scratch__en-ar__unigram_starved,ctrl-scratch__en-ar__unigram_starved,,478,501219328.0,eval/flores_ar_bpb,1.1849487439577695
ctrl-scratch__en-ar__unigram_starved,ctrl-scratch__en-ar__unigram_starved,ctrl-scratch__en-ar__unigram_starved,,478,501219328.0,eval/flores_en_bpb,1.6299439328884202
ctrl-scratch__en-ar__unigram_starved,ctrl-scratch__en-ar__unigram_starved,ctrl-scratch__en-ar__unigram_starved,,478,501219328.0,eval/holdout_ar_bpb,1.1494550395472003
ctrl-scratch__en-ar__unigram_starved,ctrl-scratch__en-ar__unigram_starved,ctrl-scratch__en-ar__unigram_starved,,478,501219328.0,eval/holdout_en_bpb,1.4922241704335601
ctrl-scratch__en-ar__unigram_starved,ctrl-scratch__en-ar__unigram_starved,ctrl-scratch__en-ar__unigram_starved,,717,751828992.0,eval/flores_ar_bpb,1.0798298796706813
ctrl-scratch__en-ar__unigram_starved,ctrl-scratch__en-ar__unigram_starved,ctrl-scratch__en-ar__unigram_starved,,717,751828992.0,eval/flores_en_bpb,1.4731424113271965
ctrl-scratch__en-ar__unigram_starved,ctrl-scratch__en-ar__unigram_starved,ctrl-scratch__en-ar__unigram_starved,,717,751828992.0,eval/holdout_ar_bpb,1.028720344492042
ctrl-scratch__en-ar__unigram_starved,ctrl-scratch__en-ar__unigram_starved,ctrl-scratch__en-ar__unigram_starved,,717,751828992.0,eval/holdout_en_bpb,1.336507453531138
ctrl-scratch__en-ar__unigram_starved,ctrl-scratch__en-ar__unigram_starved,ctrl-scratch__en-ar__unigram_starved,,956,1002438656.0,eval/flores_ar_bpb,1.0458913386834376
ctrl-scratch__en-ar__unigram_starved,ctrl-scratch__en-ar__unigram_starved,ctrl-scratch__en-ar__unigram_starved,,956,1002438656.0,eval/flores_en_bpb,1.457294579709251
ctrl-scratch__en-ar__unigram_starved,ctrl-scratch__en-ar__unigram_starved,ctrl-scratch__en-ar__unigram_starved,,956,1002438656.0,eval/holdout_ar_bpb,1.0031555507484093
ctrl-scratch__en-ar__unigram_starved,ctrl-scratch__en-ar__unigram_starved,ctrl-scratch__en-ar__unigram_starved,,956,1002438656.0,eval/holdout_en_bpb,1.302713010078918
ctrl-scratch__en-ar__unigram_starved,ctrl-scratch__en-ar__unigram_starved,ctrl-scratch__en-ar__unigram_starved,,1195,1253048320.0,eval/flores_ar_bpb,1.0021996210995605
ctrl-scratch__en-ar__unigram_starved,ctrl-scratch__en-ar__unigram_starved,ctrl-scratch__en-ar__unigram_starved,,1195,1253048320.0,eval/flores_en_bpb,1.4118213406877156
ctrl-scratch__en-ar__unigram_starved,ctrl-scratch__en-ar__unigram_starved,ctrl-scratch__en-ar__unigram_starved,,1195,1253048320.0,eval/holdout_ar_bpb,0.9625724307259323
ctrl-scratch__en-ar__unigram_starved,ctrl-scratch__en-ar__unigram_starved,ctrl-scratch__en-ar__unigram_starved,,1195,1253048320.0,eval/holdout_en_bpb,1.249968318656574
en-ar__unigram_destarved__100b-v10-3e3wdramp,en-ar__unigram_destarved__100b,en-ar__unigram_destarved__100b-v10-3e3wdramp,,24586,23257412098.821743,eval/flores_ar_bpb,0.8301874210937049
en-ar__unigram_destarved__100b-v10-3e3wdramp,en-ar__unigram_destarved__100b,en-ar__unigram_destarved__100b-v10-3e3wdramp,,24586,23257412098.821743,eval/flores_en_bpb,1.1258196414610784
en-ar__unigram_destarved__100b-v10-3e3wdramp,en-ar__unigram_destarved__100b,en-ar__unigram_destarved__100b-v10-3e3wdramp,,24586,23257412098.821743,eval/holdout_ar_bpb,0.6976392128428445
en-ar__unigram_destarved__100b-v10-3e3wdramp,en-ar__unigram_destarved__100b,en-ar__unigram_destarved__100b-v10-3e3wdramp,,24586,23257412098.821743,eval/holdout_en_bpb,0.9334738048551731
en-ar__unigram_destarved__100b-v11-noramp15e4,en-ar__unigram_destarved__100b,en-ar__unigram_destarved__100b-v11-noramp15e4,,24586,23296815918.09595,eval/flores_ar_bpb,0.8385385419984305
en-ar__unigram_destarved__100b-v11-noramp15e4,en-ar__unigram_destarved__100b,en-ar__unigram_destarved__100b-v11-noramp15e4,,24586,23296815918.09595,eval/flores_en_bpb,1.1276584123831166
en-ar__unigram_destarved__100b-v11-noramp15e4,en-ar__unigram_destarved__100b,en-ar__unigram_destarved__100b-v11-noramp15e4,,24586,23296815918.09595,eval/holdout_ar_bpb,0.7040675629570172
en-ar__unigram_destarved__100b-v11-noramp15e4,en-ar__unigram_destarved__100b,en-ar__unigram_destarved__100b-v11-noramp15e4,,24586,23296815918.09595,eval/holdout_en_bpb,0.9416690747908361
en-ar__unigram_destarved__100b-v11-noramp15e4,en-ar__unigram_destarved__100b,en-ar__unigram_destarved__100b-v11-noramp15e4,,25095,23779126147.588783,eval/flores_ar_bpb,0.8351453033032529
en-ar__unigram_destarved__100b-v11-noramp15e4,en-ar__unigram_destarved__100b,en-ar__unigram_destarved__100b-v11-noramp15e4,,25095,23779126147.588783,eval/flores_en_bpb,1.1374125633745351
en-ar__unigram_destarved__100b-v11-noramp15e4,en-ar__unigram_destarved__100b,en-ar__unigram_destarved__100b-v11-noramp15e4,,25095,23779126147.588783,eval/holdout_ar_bpb,0.7012443208764348
en-ar__unigram_destarved__100b-v11-noramp15e4,en-ar__unigram_destarved__100b,en-ar__unigram_destarved__100b-v11-noramp15e4,,25095,23779126147.588783,eval/holdout_en_bpb,0.9353574824735688
en-ar__unigram_destarved__100b-v11-noramp15e4,en-ar__unigram_destarved__100b,en-ar__unigram_destarved__100b-v11-noramp15e4,,25604,24261436377.08162,eval/flores_ar_bpb,0.8263933458598209
en-ar__unigram_destarved__100b-v11-noramp15e4,en-ar__unigram_destarved__100b,en-ar__unigram_destarved__100b-v11-noramp15e4,,25604,24261436377.08162,eval/flores_en_bpb,1.1600075110942991
en-ar__unigram_destarved__100b-v11-noramp15e4,en-ar__unigram_destarved__100b,en-ar__unigram_destarved__100b-v11-noramp15e4,,25604,24261436377.08162,eval/holdout_ar_bpb,0.6989979326881899
en-ar__unigram_destarved__100b-v11-noramp15e4,en-ar__unigram_destarved__100b,en-ar__unigram_destarved__100b-v11-noramp15e4,,25604,24261436377.08162,eval/holdout_en_bpb,0.9350022463052745
en-ar__unigram_destarved__100b-v11-noramp15e4,en-ar__unigram_destarved__100b,en-ar__unigram_destarved__100b-v11-noramp15e4,,26113,24743746606.574455,eval/flores_ar_bpb,0.8261871667169981
en-ar__unigram_destarved__100b-v11-noramp15e4,en-ar__unigram_destarved__100b,en-ar__unigram_destarved__100b-v11-noramp15e4,,26113,24743746606.574455,eval/flores_en_bpb,1.1299197981976126
en-ar__unigram_destarved__100b-v11-noramp15e4,en-ar__unigram_destarved__100b,en-ar__unigram_destarved__100b-v11-noramp15e4,,26113,24743746606.574455,eval/holdout_ar_bpb,0.698706062895859
en-ar__unigram_destarved__100b-v11-noramp15e4,en-ar__unigram_destarved__100b,en-ar__unigram_destarved__100b-v11-noramp15e4,,26113,24743746606.574455,eval/holdout_en_bpb,0.9324714935106921
en-ar__unigram_destarved__100b-v11-noramp15e4,en-ar__unigram_destarved__100b,en-ar__unigram_destarved__100b-v11-noramp15e4,,26622,25226056836.06729,eval/flores_ar_bpb,0.8273474179794795
en-ar__unigram_destarved__100b-v11-noramp15e4,en-ar__unigram_destarved__100b,en-ar__unigram_destarved__100b-v11-noramp15e4,,26622,25226056836.06729,eval/flores_en_bpb,1.1299412063520082
en-ar__unigram_destarved__100b-v11-noramp15e4,en-ar__unigram_destarved__100b,en-ar__unigram_destarved__100b-v11-noramp15e4,,26622,25226056836.06729,eval/holdout_ar_bpb,0.700716265570858
en-ar__unigram_destarved__100b-v11-noramp15e4,en-ar__unigram_destarved__100b,en-ar__unigram_destarved__100b-v11-noramp15e4,,26622,25226056836.06729,eval/holdout_en_bpb,0.9364371487421728
en-ar__unigram_destarved__100b-v11-noramp15e4,en-ar__unigram_destarved__100b,en-ar__unigram_destarved__100b-v11-noramp15e4,,27131,25708367065.560123,eval/flores_ar_bpb,0.8361910054189199
en-ar__unigram_destarved__100b-v11-noramp15e4,en-ar__unigram_destarved__100b,en-ar__unigram_destarved__100b-v11-noramp15e4,,27131,25708367065.560123,eval/flores_en_bpb,1.1546432509104572
en-ar__unigram_destarved__100b-v11-noramp15e4,en-ar__unigram_destarved__100b,en-ar__unigram_destarved__100b-v11-noramp15e4,,27131,25708367065.560123,eval/holdout_ar_bpb,0.702390025748942
en-ar__unigram_destarved__100b-v11-noramp15e4,en-ar__unigram_destarved__100b,en-ar__unigram_destarved__100b-v11-noramp15e4,,27131,25708367065.560123,eval/holdout_en_bpb,0.9392063418327032
en-ar__unigram_destarved__100b-v13-gwd,en-ar__unigram_destarved__100b,en-ar__unigram_destarved__100b-v13-gwd,,28149,26855938138.67481,eval/flores_ar_bpb,0.8544319665068779
en-ar__unigram_destarved__100b-v13-gwd,en-ar__unigram_destarved__100b,en-ar__unigram_destarved__100b-v13-gwd,,28149,26855938138.67481,eval/flores_en_bpb,1.1541948451982362
en-ar__unigram_destarved__100b-v13-gwd,en-ar__unigram_destarved__100b,en-ar__unigram_destarved__100b-v13-gwd,,28149,26855938138.67481,eval/holdout_ar_bpb,0.7121557691172081
en-ar__unigram_destarved__100b-v13-gwd,en-ar__unigram_destarved__100b,en-ar__unigram_destarved__100b-v13-gwd,,28149,26855938138.67481,eval/holdout_en_bpb,0.9519974148430106
en-ar__unigram_destarved__100b-v13-gwd,en-ar__unigram_destarved__100b,en-ar__unigram_destarved__100b-v13-gwd,,28658,27341556544.749107,eval/flores_ar_bpb,0.8545973887607847
en-ar__unigram_destarved__100b-v13-gwd,en-ar__unigram_destarved__100b,en-ar__unigram_destarved__100b-v13-gwd,,28658,27341556544.749107,eval/flores_en_bpb,1.1552101849091778
en-ar__unigram_destarved__100b-v13-gwd,en-ar__unigram_destarved__100b,en-ar__unigram_destarved__100b-v13-gwd,,28658,27341556544.749107,eval/holdout_ar_bpb,0.7148365811548878
en-ar__unigram_destarved__100b-v13-gwd,en-ar__unigram_destarved__100b,en-ar__unigram_destarved__100b-v13-gwd,,28658,27341556544.749107,eval/holdout_en_bpb,0.9567572773745595
en-ar__unigram_destarved__100b-v13-gwd,en-ar__unigram_destarved__100b,en-ar__unigram_destarved__100b-v13-gwd,,29167,27827174950.82341,eval/flores_ar_bpb,0.8557766131953369
en-ar__unigram_destarved__100b-v13-gwd,en-ar__unigram_destarved__100b,en-ar__unigram_destarved__100b-v13-gwd,,29167,27827174950.82341,eval/flores_en_bpb,1.165607503465306
en-ar__unigram_destarved__100b-v13-gwd,en-ar__unigram_destarved__100b,en-ar__unigram_destarved__100b-v13-gwd,,29167,27827174950.82341,eval/holdout_ar_bpb,0.7155129593002539
en-ar__unigram_destarved__100b-v13-gwd,en-ar__unigram_destarved__100b,en-ar__unigram_destarved__100b-v13-gwd,,29167,27827174950.82341,eval/holdout_en_bpb,0.9678613689634127
en-ar__unigram_destarved__100b-v13-gwd,en-ar__unigram_destarved__100b,en-ar__unigram_destarved__100b-v13-gwd,,29676,28312793356.89771,eval/flores_ar_bpb,0.871887600683998
en-ar__unigram_destarved__100b-v13-gwd,en-ar__unigram_destarved__100b,en-ar__unigram_destarved__100b-v13-gwd,,29676,28312793356.89771,eval/flores_en_bpb,1.190371060510379
en-ar__unigram_destarved__100b-v13-gwd,en-ar__unigram_destarved__100b,en-ar__unigram_destarved__100b-v13-gwd,,29676,28312793356.89771,eval/holdout_ar_bpb,0.7391984521133188
en-ar__unigram_destarved__100b-v13-gwd,en-ar__unigram_destarved__100b,en-ar__unigram_destarved__100b-v13-gwd,,29676,28312793356.89771,eval/holdout_en_bpb,0.9908869784432547
en-ar__unigram_destarved__100b-v13-gwd,en-ar__unigram_destarved__100b,en-ar__unigram_destarved__100b-v13-gwd,,30185,28798411762.972008,eval/flores_ar_bpb,0.8662389203319338
en-ar__unigram_destarved__100b-v13-gwd,en-ar__unigram_destarved__100b,en-ar__unigram_destarved__100b-v13-gwd,,30185,28798411762.972008,eval/flores_en_bpb,1.1929941998049451
en-ar__unigram_destarved__100b-v13-gwd,en-ar__unigram_destarved__100b,en-ar__unigram_destarved__100b-v13-gwd,,30185,28798411762.972008,eval/holdout_ar_bpb,0.7393302958640348
en-ar__unigram_destarved__100b-v13-gwd,en-ar__unigram_destarved__100b,en-ar__unigram_destarved__100b-v13-gwd,,30185,28798411762.972008,eval/holdout_en_bpb,0.9926951149720723
en-ar__unigram_destarved__100b-v13-gwd,en-ar__unigram_destarved__100b,en-ar__unigram_destarved__100b-v13-gwd,,30694,29284030169.04631,eval/flores_ar_bpb,0.876655124925028
en-ar__unigram_destarved__100b-v13-gwd,en-ar__unigram_destarved__100b,en-ar__unigram_destarved__100b-v13-gwd,,30694,29284030169.04631,eval/flores_en_bpb,1.2280049457694564
en-ar__unigram_destarved__100b-v13-gwd,en-ar__unigram_destarved__100b,en-ar__unigram_destarved__100b-v13-gwd,,30694,29284030169.04631,eval/holdout_ar_bpb,0.7445633363499535
en-ar__unigram_destarved__100b-v13-gwd,en-ar__unigram_destarved__100b,en-ar__unigram_destarved__100b-v13-gwd,,30694,29284030169.04631,eval/holdout_en_bpb,0.9989069685599744
en-ar__unigram_destarved__100b-v13-gwd,en-ar__unigram_destarved__100b,en-ar__unigram_destarved__100b-v13-gwd,,31203,29769648575.12061,eval/flores_ar_bpb,0.8918484624134615
en-ar__unigram_destarved__100b-v13-gwd,en-ar__unigram_destarved__100b,en-ar__unigram_destarved__100b-v13-gwd,,31203,29769648575.12061,eval/flores_en_bpb,1.2090658663145082
en-ar__unigram_destarved__100b-v13-gwd,en-ar__unigram_destarved__100b,en-ar__unigram_destarved__100b-v13-gwd,,31203,29769648575.12061,eval/holdout_ar_bpb,0.7495023008318573
en-ar__unigram_destarved__100b-v13-gwd,en-ar__unigram_destarved__100b,en-ar__unigram_destarved__100b-v13-gwd,,31203,29769648575.12061,eval/holdout_en_bpb,1.0028613766576464
en-ar__unigram_destarved__100b-v13-gwd,en-ar__unigram_destarved__100b,en-ar__unigram_destarved__100b-v13-gwd,,33238,31711168135.75165,eval/flores_ar_bpb,0.9735572706534472
en-ar__unigram_destarved__100b-v13-gwd,en-ar__unigram_destarved__100b,en-ar__unigram_destarved__100b-v13-gwd,,33238,31711168135.75165,eval/flores_en_bpb,1.333141309545233
en-ar__unigram_destarved__100b-v13-gwd,en-ar__unigram_destarved__100b,en-ar__unigram_destarved__100b-v13-gwd,,33238,31711168135.75165,eval/holdout_ar_bpb,0.8306134940413353
en-ar__unigram_destarved__100b-v13-gwd,en-ar__unigram_destarved__100b,en-ar__unigram_destarved__100b-v13-gwd,,33238,31711168135.75165,eval/holdout_en_bpb,1.1256412050414657
en-ar__unigram_destarved__100b-v3,en-ar__unigram_destarved__100b,en-ar__unigram_destarved__100b-v3,,26112,24721015653.386715,eval/flores_ar_bpb,0.8575833645096153
en-ar__unigram_destarved__100b-v3,en-ar__unigram_destarved__100b,en-ar__unigram_destarved__100b-v3,,26112,24721015653.386715,eval/flores_en_bpb,1.165929682050393
en-ar__unigram_destarved__100b-v3,en-ar__unigram_destarved__100b,en-ar__unigram_destarved__100b-v3,,26112,24721015653.386715,eval/holdout_ar_bpb,0.7324302923141087
en-ar__unigram_destarved__100b-v3,en-ar__unigram_destarved__100b,en-ar__unigram_destarved__100b-v3,,26112,24721015653.386715,eval/holdout_en_bpb,0.9797076406144531
en-ar__unigram_destarved__100b-v6,en-ar__unigram_destarved__100b,en-ar__unigram_destarved__100b-v6,,24586,23288933374.7504,eval/flores_ar_bpb,0.8334360699504898
en-ar__unigram_destarved__100b-v6,en-ar__unigram_destarved__100b,en-ar__unigram_destarved__100b-v6,,24586,23288933374.7504,eval/flores_en_bpb,1.1251731185339306
en-ar__unigram_destarved__100b-v6,en-ar__unigram_destarved__100b,en-ar__unigram_destarved__100b-v6,,24586,23288933374.7504,eval/holdout_ar_bpb,0.6975588538455733
en-ar__unigram_destarved__100b-v6,en-ar__unigram_destarved__100b,en-ar__unigram_destarved__100b-v6,,24586,23288933374.7504,eval/holdout_en_bpb,0.9333738374113755
en-ar__unigram_destarved__100b-v6,en-ar__unigram_destarved__100b,en-ar__unigram_destarved__100b-v6,,25095,23771080413.21733,eval/flores_ar_bpb,0.8378713576425345
en-ar__unigram_destarved__100b-v6,en-ar__unigram_destarved__100b,en-ar__unigram_destarved__100b-v6,,25095,23771080413.21733,eval/flores_en_bpb,1.1328637048298291
en-ar__unigram_destarved__100b-v6,en-ar__unigram_destarved__100b,en-ar__unigram_destarved__100b-v6,,25095,23771080413.21733,eval/holdout_ar_bpb,0.6988580774828849
en-ar__unigram_destarved__100b-v6,en-ar__unigram_destarved__100b,en-ar__unigram_destarved__100b-v6,,25095,23771080413.21733,eval/holdout_en_bpb,0.9332364896527888
en-ar__unigram_destarved__100b-v6,en-ar__unigram_destarved__100b,en-ar__unigram_destarved__100b-v6,,25604,24253227451.68426,eval/flores_ar_bpb,0.8361349776288423
en-ar__unigram_destarved__100b-v6,en-ar__unigram_destarved__100b,en-ar__unigram_destarved__100b-v6,,25604,24253227451.68426,eval/flores_en_bpb,1.146670765069114
en-ar__unigram_destarved__100b-v6,en-ar__unigram_destarved__100b,en-ar__unigram_destarved__100b-v6,,25604,24253227451.68426,eval/holdout_ar_bpb,0.7085332806511818
en-ar__unigram_destarved__100b-v6,en-ar__unigram_destarved__100b,en-ar__unigram_destarved__100b-v6,,25604,24253227451.68426,eval/holdout_en_bpb,0.9475440918862537
en-ar__unigram_destarved__100b-v6,en-ar__unigram_destarved__100b,en-ar__unigram_destarved__100b-v6,,26113,24735374490.15119,eval/flores_ar_bpb,0.8490533432996752
en-ar__unigram_destarved__100b-v6,en-ar__unigram_destarved__100b,en-ar__unigram_destarved__100b-v6,,26113,24735374490.15119,eval/flores_en_bpb,1.1582785367036952
en-ar__unigram_destarved__100b-v6,en-ar__unigram_destarved__100b,en-ar__unigram_destarved__100b-v6,,26113,24735374490.15119,eval/holdout_ar_bpb,0.7251141442430813
en-ar__unigram_destarved__100b-v6,en-ar__unigram_destarved__100b,en-ar__unigram_destarved__100b-v6,,26113,24735374490.15119,eval/holdout_en_bpb,0.9688198418522779
en-ar__unigram_destarved__100b-v6,en-ar__unigram_destarved__100b,en-ar__unigram_destarved__100b-v6,,26622,25217521528.618122,eval/flores_ar_bpb,0.8515101152563193
en-ar__unigram_destarved__100b-v6,en-ar__unigram_destarved__100b,en-ar__unigram_destarved__100b-v6,,26622,25217521528.618122,eval/flores_en_bpb,1.179058208151698
en-ar__unigram_destarved__100b-v6,en-ar__unigram_destarved__100b,en-ar__unigram_destarved__100b-v6,,26622,25217521528.618122,eval/holdout_ar_bpb,0.7345034796754394
en-ar__unigram_destarved__100b-v6,en-ar__unigram_destarved__100b,en-ar__unigram_destarved__100b-v6,,26622,25217521528.618122,eval/holdout_en_bpb,0.9817884621713826
en-ar__unigram_destarved__100b-v7,en-ar__unigram_destarved__100b,en-ar__unigram_destarved__100b-v7,,27131,25760144409.505676,eval/flores_ar_bpb,0.849945692161601
en-ar__unigram_destarved__100b-v7,en-ar__unigram_destarved__100b,en-ar__unigram_destarved__100b-v7,,27131,25760144409.505676,eval/flores_en_bpb,1.1757596471370497
en-ar__unigram_destarved__100b-v7,en-ar__unigram_destarved__100b,en-ar__unigram_destarved__100b-v7,,27131,25760144409.505676,eval/holdout_ar_bpb,0.7207295896625894
en-ar__unigram_destarved__100b-v7,en-ar__unigram_destarved__100b,en-ar__unigram_destarved__100b-v7,,27131,25760144409.505676,eval/holdout_en_bpb,0.9623568679299682
en-ar__unigram_destarved__100b-v7,en-ar__unigram_destarved__100b,en-ar__unigram_destarved__100b-v7,,27640,26243426024.795876,eval/flores_ar_bpb,0.8586011198166477
en-ar__unigram_destarved__100b-v7,en-ar__unigram_destarved__100b,en-ar__unigram_destarved__100b-v7,,27640,26243426024.795876,eval/flores_en_bpb,1.1589614593354274
en-ar__unigram_destarved__100b-v7,en-ar__unigram_destarved__100b,en-ar__unigram_destarved__100b-v7,,27640,26243426024.795876,eval/holdout_ar_bpb,0.7277089903269092
en-ar__unigram_destarved__100b-v7,en-ar__unigram_destarved__100b,en-ar__unigram_destarved__100b-v7,,27640,26243426024.795876,eval/holdout_en_bpb,0.9789979942083346
en-ar__unigram_destarved__100b-v9,en-ar__unigram_destarved__100b,en-ar__unigram_destarved__100b-v9,,28149,26760609271.948826,eval/flores_ar_bpb,0.8545657452992127
en-ar__unigram_destarved__100b-v9,en-ar__unigram_destarved__100b,en-ar__unigram_destarved__100b-v9,,28149,26760609271.948826,eval/flores_en_bpb,1.1588402763596497
en-ar__unigram_destarved__100b-v9,en-ar__unigram_destarved__100b,en-ar__unigram_destarved__100b-v9,,28149,26760609271.948826,eval/holdout_ar_bpb,0.7225416161437079
en-ar__unigram_destarved__100b-v9,en-ar__unigram_destarved__100b,en-ar__unigram_destarved__100b-v9,,28149,26760609271.948826,eval/holdout_en_bpb,0.9654558673786595
en-ar__unigram_destarved__100b-v9,en-ar__unigram_destarved__100b,en-ar__unigram_destarved__100b-v9,,28658,27244503908.327454,eval/flores_ar_bpb,0.864561089034296
en-ar__unigram_destarved__100b-v9,en-ar__unigram_destarved__100b,en-ar__unigram_destarved__100b-v9,,28658,27244503908.327454,eval/flores_en_bpb,1.1894567028528242
en-ar__unigram_destarved__100b-v9,en-ar__unigram_destarved__100b,en-ar__unigram_destarved__100b-v9,,28658,27244503908.327454,eval/holdout_ar_bpb,0.7270978728103611
en-ar__unigram_destarved__100b-v9,en-ar__unigram_destarved__100b,en-ar__unigram_destarved__100b-v9,,28658,27244503908.327454,eval/holdout_en_bpb,0.9938341528953812
en-ar__unigram_destarved__100b_scratch,en-ar__unigram_destarved__100b_scratch,en-ar__unigram_destarved__100b_scratch,,239,250609664.0,eval/flores_ar_bpb,1.2998082794744483
en-ar__unigram_destarved__100b_scratch,en-ar__unigram_destarved__100b_scratch,en-ar__unigram_destarved__100b_scratch,,239,250609664.0,eval/flores_en_bpb,1.8160245384194007
en-ar__unigram_destarved__100b_scratch,en-ar__unigram_destarved__100b_scratch,en-ar__unigram_destarved__100b_scratch,,239,250609664.0,eval/holdout_ar_bpb,1.2648200308794673
en-ar__unigram_destarved__100b_scratch,en-ar__unigram_destarved__100b_scratch,en-ar__unigram_destarved__100b_scratch,,239,250609664.0,eval/holdout_en_bpb,1.6783445445861003
en-ar__unigram_destarved__100b_scratch,en-ar__unigram_destarved__100b_scratch,en-ar__unigram_destarved__100b_scratch,,478,501219328.0,eval/flores_ar_bpb,1.0882989339775087
en-ar__unigram_destarved__100b_scratch,en-ar__unigram_destarved__100b_scratch,en-ar__unigram_destarved__100b_scratch,,478,501219328.0,eval/flores_en_bpb,1.535805607416977
en-ar__unigram_destarved__100b_scratch,en-ar__unigram_destarved__100b_scratch,en-ar__unigram_destarved__100b_scratch,,478,501219328.0,eval/holdout_ar_bpb,1.0545004266254818
en-ar__unigram_destarved__100b_scratch,en-ar__unigram_destarved__100b_scratch,en-ar__unigram_destarved__100b_scratch,,478,501219328.0,eval/holdout_en_bpb,1.396226030803956
en-ar__unigram_destarved__100b_scratch,en-ar__unigram_destarved__100b_scratch,en-ar__unigram_destarved__100b_scratch,,717,751828992.0,eval/flores_ar_bpb,1.0415864530996695
en-ar__unigram_destarved__100b_scratch,en-ar__unigram_destarved__100b_scratch,en-ar__unigram_destarved__100b_scratch,,717,751828992.0,eval/flores_en_bpb,1.4368664481516678
en-ar__unigram_destarved__100b_scratch,en-ar__unigram_destarved__100b_scratch,en-ar__unigram_destarved__100b_scratch,,717,751828992.0,eval/holdout_ar_bpb,0.9778084785384411
en-ar__unigram_destarved__100b_scratch,en-ar__unigram_destarved__100b_scratch,en-ar__unigram_destarved__100b_scratch,,717,751828992.0,eval/holdout_en_bpb,1.2910498026238875
en-ar__unigram_destarved__100b_scratch,en-ar__unigram_destarved__100b_scratch,en-ar__unigram_destarved__100b_scratch,,956,1002438656.0,eval/flores_ar_bpb,1.0019055987670242
en-ar__unigram_destarved__100b_scratch,en-ar__unigram_destarved__100b_scratch,en-ar__unigram_destarved__100b_scratch,,956,1002438656.0,eval/flores_en_bpb,1.4315180201451625
en-ar__unigram_destarved__100b_scratch,en-ar__unigram_destarved__100b_scratch,en-ar__unigram_destarved__100b_scratch,,956,1002438656.0,eval/holdout_ar_bpb,0.9502394460866043
en-ar__unigram_destarved__100b_scratch,en-ar__unigram_destarved__100b_scratch,en-ar__unigram_destarved__100b_scratch,,956,1002438656.0,eval/holdout_en_bpb,1.2565078556448221
en-ar__unigram_destarved__100b_scratch,en-ar__unigram_destarved__100b_scratch,en-ar__unigram_destarved__100b_scratch,,1195,1253048320.0,eval/flores_ar_bpb,0.9869870428445602
en-ar__unigram_destarved__100b_scratch,en-ar__unigram_destarved__100b_scratch,en-ar__unigram_destarved__100b_scratch,,1195,1253048320.0,eval/flores_en_bpb,1.36112232822438
en-ar__unigram_destarved__100b_scratch,en-ar__unigram_destarved__100b_scratch,en-ar__unigram_destarved__100b_scratch,,1195,1253048320.0,eval/holdout_ar_bpb,0.9145996954641435
en-ar__unigram_destarved__100b_scratch,en-ar__unigram_destarved__100b_scratch,en-ar__unigram_destarved__100b_scratch,,1195,1253048320.0,eval/holdout_en_bpb,1.2086447358318457
en-ar__unigram_destarved__100b_scratch,en-ar__unigram_destarved__100b_scratch,en-ar__unigram_destarved__100b_scratch,,1434,1503657984.0,eval/flores_ar_bpb,0.9415369131818336
en-ar__unigram_destarved__100b_scratch,en-ar__unigram_destarved__100b_scratch,en-ar__unigram_destarved__100b_scratch,,1434,1503657984.0,eval/flores_en_bpb,1.3163290406349017
en-ar__unigram_destarved__100b_scratch,en-ar__unigram_destarved__100b_scratch,en-ar__unigram_destarved__100b_scratch,,1434,1503657984.0,eval/holdout_ar_bpb,0.883983038253417
en-ar__unigram_destarved__100b_scratch,en-ar__unigram_destarved__100b_scratch,en-ar__unigram_destarved__100b_scratch,,1434,1503657984.0,eval/holdout_en_bpb,1.168267218656002
en-ar__unigram_destarved__100b_scratch,en-ar__unigram_destarved__100b_scratch,en-ar__unigram_destarved__100b_scratch,,1673,1754267648.0,eval/flores_ar_bpb,0.9281550879816163
en-ar__unigram_destarved__100b_scratch,en-ar__unigram_destarved__100b_scratch,en-ar__unigram_destarved__100b_scratch,,1673,1754267648.0,eval/flores_en_bpb,1.3105790849736456
en-ar__unigram_destarved__100b_scratch,en-ar__unigram_destarved__100b_scratch,en-ar__unigram_destarved__100b_scratch,,1673,1754267648.0,eval/holdout_ar_bpb,0.8596406135548211
en-ar__unigram_destarved__100b_scratch,en-ar__unigram_destarved__100b_scratch,en-ar__unigram_destarved__100b_scratch,,1673,1754267648.0,eval/holdout_en_bpb,1.1358343751037474
en-ar__unigram_destarved__100b_scratch,en-ar__unigram_destarved__100b_scratch,en-ar__unigram_destarved__100b_scratch,,2150,2254438400.0,eval/flores_ar_bpb,0.908173432318717
en-ar__unigram_destarved__100b_scratch,en-ar__unigram_destarved__100b_scratch,en-ar__unigram_destarved__100b_scratch,,2150,2254438400.0,eval/flores_en_bpb,1.260396667663442
en-ar__unigram_destarved__100b_scratch,en-ar__unigram_destarved__100b_scratch,en-ar__unigram_destarved__100b_scratch,,2150,2254438400.0,eval/holdout_ar_bpb,0.8302195498756441
en-ar__unigram_destarved__100b_scratch,en-ar__unigram_destarved__100b_scratch,en-ar__unigram_destarved__100b_scratch,,2150,2254438400.0,eval/holdout_en_bpb,1.0961276697237359
en-ar__unigram_destarved__100b_scratch,en-ar__unigram_destarved__100b_scratch,en-ar__unigram_destarved__100b_scratch,,2627,2754609152.0,eval/flores_ar_bpb,0.8975329463026943
en-ar__unigram_destarved__100b_scratch,en-ar__unigram_destarved__100b_scratch,en-ar__unigram_destarved__100b_scratch,,2627,2754609152.0,eval/flores_en_bpb,1.2539652035842446
en-ar__unigram_destarved__100b_scratch,en-ar__unigram_destarved__100b_scratch,en-ar__unigram_destarved__100b_scratch,,2627,2754609152.0,eval/holdout_ar_bpb,0.8107660863479613
en-ar__unigram_destarved__100b_scratch,en-ar__unigram_destarved__100b_scratch,en-ar__unigram_destarved__100b_scratch,,2627,2754609152.0,eval/holdout_en_bpb,1.0720046452007055
en-ar__unigram_destarved__100b_scratch,en-ar__unigram_destarved__100b_scratch,en-ar__unigram_destarved__100b_scratch,,3104,3254779904.0,eval/flores_ar_bpb,0.8954275380314328
en-ar__unigram_destarved__100b_scratch,en-ar__unigram_destarved__100b_scratch,en-ar__unigram_destarved__100b_scratch,,3104,3254779904.0,eval/flores_en_bpb,1.2547504102764515
en-ar__unigram_destarved__100b_scratch,en-ar__unigram_destarved__100b_scratch,en-ar__unigram_destarved__100b_scratch,,3104,3254779904.0,eval/holdout_ar_bpb,0.8000463266986382
en-ar__unigram_destarved__100b_scratch,en-ar__unigram_destarved__100b_scratch,en-ar__unigram_destarved__100b_scratch,,3104,3254779904.0,eval/holdout_en_bpb,1.0557756899539328
en-ar__unigram_destarved__100b_scratch,en-ar__unigram_destarved__100b_scratch,en-ar__unigram_destarved__100b_scratch,,3581,3754950656.0,eval/flores_ar_bpb,0.8862252881699285
en-ar__unigram_destarved__100b_scratch,en-ar__unigram_destarved__100b_scratch,en-ar__unigram_destarved__100b_scratch,,3581,3754950656.0,eval/flores_en_bpb,1.2184471560472168
en-ar__unigram_destarved__100b_scratch,en-ar__unigram_destarved__100b_scratch,en-ar__unigram_destarved__100b_scratch,,3581,3754950656.0,eval/holdout_ar_bpb,0.7906518638849853
en-ar__unigram_destarved__100b_scratch,en-ar__unigram_destarved__100b_scratch,en-ar__unigram_destarved__100b_scratch,,3581,3754950656.0,eval/holdout_en_bpb,1.0431727584484827
en-ar__unigram_destarved__100b_scratch,en-ar__unigram_destarved__100b_scratch,en-ar__unigram_destarved__100b_scratch,,4058,4255121408.0,eval/flores_ar_bpb,0.8827636152855108
en-ar__unigram_destarved__100b_scratch,en-ar__unigram_destarved__100b_scratch,en-ar__unigram_destarved__100b_scratch,,4058,4255121408.0,eval/flores_en_bpb,1.2119390447322111
en-ar__unigram_destarved__100b_scratch,en-ar__unigram_destarved__100b_scratch,en-ar__unigram_destarved__100b_scratch,,4058,4255121408.0,eval/holdout_ar_bpb,0.7832524432620233
en-ar__unigram_destarved__100b_scratch,en-ar__unigram_destarved__100b_scratch,en-ar__unigram_destarved__100b_scratch,,4058,4255121408.0,eval/holdout_en_bpb,1.0338919960255217
en-ar__unigram_destarved__100b_scratch,en-ar__unigram_destarved__100b_scratch,en-ar__unigram_destarved__100b_scratch,,4535,4755292160.0,eval/flores_ar_bpb,0.8760605751904195
en-ar__unigram_destarved__100b_scratch,en-ar__unigram_destarved__100b_scratch,en-ar__unigram_destarved__100b_scratch,,4535,4755292160.0,eval/flores_en_bpb,1.1955974299875751
en-ar__unigram_destarved__100b_scratch,en-ar__unigram_destarved__100b_scratch,en-ar__unigram_destarved__100b_scratch,,4535,4755292160.0,eval/holdout_ar_bpb,0.7762732474075082
en-ar__unigram_destarved__100b_scratch,en-ar__unigram_destarved__100b_scratch,en-ar__unigram_destarved__100b_scratch,,4535,4755292160.0,eval/holdout_en_bpb,1.026910529867136
en-ar__unigram_destarved__100b_scratch,en-ar__unigram_destarved__100b_scratch,en-ar__unigram_destarved__100b_scratch,,5489,5755633664.0,eval/flores_ar_bpb,0.8744386765957696
en-ar__unigram_destarved__100b_scratch,en-ar__unigram_destarved__100b_scratch,en-ar__unigram_destarved__100b_scratch,,5489,5755633664.0,eval/flores_en_bpb,1.2030672831962186
en-ar__unigram_destarved__100b_scratch,en-ar__unigram_destarved__100b_scratch,en-ar__unigram_destarved__100b_scratch,,5489,5755633664.0,eval/holdout_ar_bpb,0.7683324049612014
en-ar__unigram_destarved__100b_scratch,en-ar__unigram_destarved__100b_scratch,en-ar__unigram_destarved__100b_scratch,,5489,5755633664.0,eval/holdout_en_bpb,1.0157801922546297
en-ar__unigram_destarved__100b_scratch,en-ar__unigram_destarved__100b_scratch,en-ar__unigram_destarved__100b_scratch,,6443,6755975168.0,eval/flores_ar_bpb,0.8724873403802601
en-ar__unigram_destarved__100b_scratch,en-ar__unigram_destarved__100b_scratch,en-ar__unigram_destarved__100b_scratch,,6443,6755975168.0,eval/flores_en_bpb,1.1967877353938807
en-ar__unigram_destarved__100b_scratch,en-ar__unigram_destarved__100b_scratch,en-ar__unigram_destarved__100b_scratch,,6443,6755975168.0,eval/holdout_ar_bpb,0.7604779037917202
en-ar__unigram_destarved__100b_scratch,en-ar__unigram_destarved__100b_scratch,en-ar__unigram_destarved__100b_scratch,,6443,6755975168.0,eval/holdout_en_bpb,1.0071739049777422
en-ar__unigram_destarved__100b_scratch,en-ar__unigram_destarved__100b_scratch,en-ar__unigram_destarved__100b_scratch,,7397,7756316672.0,eval/flores_ar_bpb,0.8623209783099274
en-ar__unigram_destarved__100b_scratch,en-ar__unigram_destarved__100b_scratch,en-ar__unigram_destarved__100b_scratch,,7397,7756316672.0,eval/flores_en_bpb,1.1926011282196372
en-ar__unigram_destarved__100b_scratch,en-ar__unigram_destarved__100b_scratch,en-ar__unigram_destarved__100b_scratch,,7397,7756316672.0,eval/holdout_ar_bpb,0.7565215313444488
en-ar__unigram_destarved__100b_scratch,en-ar__unigram_destarved__100b_scratch,en-ar__unigram_destarved__100b_scratch,,7397,7756316672.0,eval/holdout_en_bpb,1.0007583497260404
en-ar__unigram_destarved__100b_scratch,en-ar__unigram_destarved__100b_scratch,en-ar__unigram_destarved__100b_scratch,,8351,8756658176.0,eval/flores_ar_bpb,0.8744911008427337
en-ar__unigram_destarved__100b_scratch,en-ar__unigram_destarved__100b_scratch,en-ar__unigram_destarved__100b_scratch,,8351,8756658176.0,eval/flores_en_bpb,1.1893586509025478
en-ar__unigram_destarved__100b_scratch,en-ar__unigram_destarved__100b_scratch,en-ar__unigram_destarved__100b_scratch,,8351,8756658176.0,eval/holdout_ar_bpb,0.7513140708163693
en-ar__unigram_destarved__100b_scratch,en-ar__unigram_destarved__100b_scratch,en-ar__unigram_destarved__100b_scratch,,8351,8756658176.0,eval/holdout_en_bpb,0.9939936684460638
en-ar__unigram_destarved__100b_scratch,en-ar__unigram_destarved__100b_scratch,en-ar__unigram_destarved__100b_scratch,,9305,9756999680.0,eval/flores_ar_bpb,0.8643614067123999
en-ar__unigram_destarved__100b_scratch,en-ar__unigram_destarved__100b_scratch,en-ar__unigram_destarved__100b_scratch,,9305,9756999680.0,eval/flores_en_bpb,1.182864326443805
en-ar__unigram_destarved__100b_scratch,en-ar__unigram_destarved__100b_scratch,en-ar__unigram_destarved__100b_scratch,,9305,9756999680.0,eval/holdout_ar_bpb,0.7482331318534217
en-ar__unigram_destarved__100b_scratch,en-ar__unigram_destarved__100b_scratch,en-ar__unigram_destarved__100b_scratch,,9305,9756999680.0,eval/holdout_en_bpb,0.9914648564593812
en-ar__unigram_destarved__100b_scratch,en-ar__unigram_destarved__100b_scratch,en-ar__unigram_destarved__100b_scratch,,10259,10757341184.0,eval/flores_ar_bpb,0.8574554369361752
en-ar__unigram_destarved__100b_scratch,en-ar__unigram_destarved__100b_scratch,en-ar__unigram_destarved__100b_scratch,,10259,10757341184.0,eval/flores_en_bpb,1.181612668614575
en-ar__unigram_destarved__100b_scratch,en-ar__unigram_destarved__100b_scratch,en-ar__unigram_destarved__100b_scratch,,10259,10757341184.0,eval/holdout_ar_bpb,0.7453808867256937
en-ar__unigram_destarved__100b_scratch,en-ar__unigram_destarved__100b_scratch,en-ar__unigram_destarved__100b_scratch,,10259,10757341184.0,eval/holdout_en_bpb,0.9873503821649365
en-ar__unigram_starved__100b-single-15e4-w32,en-ar__unigram_starved__100b,en-ar__unigram_starved__100b-single-15e4-w32,,24410,23296791480.22338,eval/flores_ar_bpb,0.8571514595463152
en-ar__unigram_starved__100b-single-15e4-w32,en-ar__unigram_starved__100b,en-ar__unigram_starved__100b-single-15e4-w32,,24410,23296791480.22338,eval/flores_en_bpb,1.1568755450407582
en-ar__unigram_starved__100b-single-15e4-w32,en-ar__unigram_starved__100b,en-ar__unigram_starved__100b-single-15e4-w32,,24410,23296791480.22338,eval/holdout_ar_bpb,0.7355007554278398
en-ar__unigram_starved__100b-single-15e4-w32,en-ar__unigram_starved__100b,en-ar__unigram_starved__100b-single-15e4-w32,,24410,23296791480.22338,eval/holdout_en_bpb,0.9682588165577776
en-ar__unigram_starved__100b-single-15e4-w32,en-ar__unigram_starved__100b,en-ar__unigram_starved__100b-single-15e4-w32,,24887,23752038081.455112,eval/flores_ar_bpb,0.8521849733862473
en-ar__unigram_starved__100b-single-15e4-w32,en-ar__unigram_starved__100b,en-ar__unigram_starved__100b-single-15e4-w32,,24887,23752038081.455112,eval/flores_en_bpb,1.1502561856313696
en-ar__unigram_starved__100b-single-15e4-w32,en-ar__unigram_starved__100b,en-ar__unigram_starved__100b-single-15e4-w32,,24887,23752038081.455112,eval/holdout_ar_bpb,0.731415587052948
en-ar__unigram_starved__100b-single-15e4-w32,en-ar__unigram_starved__100b,en-ar__unigram_starved__100b-single-15e4-w32,,24887,23752038081.455112,eval/holdout_en_bpb,0.9619417090741335
en-ar__unigram_starved__100b-single-15e4-w32,en-ar__unigram_starved__100b,en-ar__unigram_starved__100b-single-15e4-w32,,25364,24207284682.686844,eval/flores_ar_bpb,0.8550324735741981
en-ar__unigram_starved__100b-single-15e4-w32,en-ar__unigram_starved__100b,en-ar__unigram_starved__100b-single-15e4-w32,,25364,24207284682.686844,eval/flores_en_bpb,1.1516950046723653
en-ar__unigram_starved__100b-single-15e4-w32,en-ar__unigram_starved__100b,en-ar__unigram_starved__100b-single-15e4-w32,,25364,24207284682.686844,eval/holdout_ar_bpb,0.7291439671602853
en-ar__unigram_starved__100b-single-15e4-w32,en-ar__unigram_starved__100b,en-ar__unigram_starved__100b-single-15e4-w32,,25364,24207284682.686844,eval/holdout_en_bpb,0.957729122164168
en-ar__unigram_starved__100b-v11-noramp15e4,en-ar__unigram_starved__100b,en-ar__unigram_starved__100b-v11-noramp15e4,,24442,23292339947.832733,eval/flores_ar_bpb,0.8648123830619577
en-ar__unigram_starved__100b-v11-noramp15e4,en-ar__unigram_starved__100b,en-ar__unigram_starved__100b-v11-noramp15e4,,24442,23292339947.832733,eval/flores_en_bpb,1.1631128279988914
en-ar__unigram_starved__100b-v11-noramp15e4,en-ar__unigram_starved__100b,en-ar__unigram_starved__100b-v11-noramp15e4,,24442,23292339947.832733,eval/holdout_ar_bpb,0.7405129021284801
en-ar__unigram_starved__100b-v11-noramp15e4,en-ar__unigram_starved__100b,en-ar__unigram_starved__100b-v11-noramp15e4,,24442,23292339947.832733,eval/holdout_en_bpb,0.9728317937030896
en-ar__unigram_starved__100b-v11-noramp15e4,en-ar__unigram_starved__100b,en-ar__unigram_starved__100b-v11-noramp15e4,,24951,23777398495.964916,eval/flores_ar_bpb,0.8590712585889883
en-ar__unigram_starved__100b-v11-noramp15e4,en-ar__unigram_starved__100b,en-ar__unigram_starved__100b-v11-noramp15e4,,24951,23777398495.964916,eval/flores_en_bpb,1.1616374292514835
en-ar__unigram_starved__100b-v11-noramp15e4,en-ar__unigram_starved__100b,en-ar__unigram_starved__100b-v11-noramp15e4,,24951,23777398495.964916,eval/holdout_ar_bpb,0.7400176934272816
en-ar__unigram_starved__100b-v11-noramp15e4,en-ar__unigram_starved__100b,en-ar__unigram_starved__100b-v11-noramp15e4,,24951,23777398495.964916,eval/holdout_en_bpb,0.9706090997203343
en-ar__unigram_starved__100b-v11-noramp15e4,en-ar__unigram_starved__100b,en-ar__unigram_starved__100b-v11-noramp15e4,,25460,24262457044.097103,eval/flores_ar_bpb,0.8641715333514056
en-ar__unigram_starved__100b-v11-noramp15e4,en-ar__unigram_starved__100b,en-ar__unigram_starved__100b-v11-noramp15e4,,25460,24262457044.097103,eval/flores_en_bpb,1.1640320371595052
en-ar__unigram_starved__100b-v11-noramp15e4,en-ar__unigram_starved__100b,en-ar__unigram_starved__100b-v11-noramp15e4,,25460,24262457044.097103,eval/holdout_ar_bpb,0.7437770726583266
en-ar__unigram_starved__100b-v11-noramp15e4,en-ar__unigram_starved__100b,en-ar__unigram_starved__100b-v11-noramp15e4,,25460,24262457044.097103,eval/holdout_en_bpb,0.9730845256957971
en-ar__unigram_starved__100b-v11-noramp15e4,en-ar__unigram_starved__100b,en-ar__unigram_starved__100b-v11-noramp15e4,,25969,24747515592.229286,eval/flores_ar_bpb,0.8770932503028088
en-ar__unigram_starved__100b-v11-noramp15e4,en-ar__unigram_starved__100b,en-ar__unigram_starved__100b-v11-noramp15e4,,25969,24747515592.229286,eval/flores_en_bpb,1.1686164101435772
en-ar__unigram_starved__100b-v11-noramp15e4,en-ar__unigram_starved__100b,en-ar__unigram_starved__100b-v11-noramp15e4,,25969,24747515592.229286,eval/holdout_ar_bpb,0.7531743798566528
en-ar__unigram_starved__100b-v11-noramp15e4,en-ar__unigram_starved__100b,en-ar__unigram_starved__100b-v11-noramp15e4,,25969,24747515592.229286,eval/holdout_en_bpb,0.9779701103680613
en-ar__unigram_starved__100b-v11-noramp15e4,en-ar__unigram_starved__100b,en-ar__unigram_starved__100b-v11-noramp15e4,,26478,25232574140.36147,eval/flores_ar_bpb,0.8853169385746734
en-ar__unigram_starved__100b-v11-noramp15e4,en-ar__unigram_starved__100b,en-ar__unigram_starved__100b-v11-noramp15e4,,26478,25232574140.36147,eval/flores_en_bpb,1.18422754679821
en-ar__unigram_starved__100b-v11-noramp15e4,en-ar__unigram_starved__100b,en-ar__unigram_starved__100b-v11-noramp15e4,,26478,25232574140.36147,eval/holdout_ar_bpb,0.76355872476637
en-ar__unigram_starved__100b-v11-noramp15e4,en-ar__unigram_starved__100b,en-ar__unigram_starved__100b-v11-noramp15e4,,26478,25232574140.36147,eval/holdout_en_bpb,0.9926619537663158
en-ar__unigram_starved__100b-v11-noramp15e4,en-ar__unigram_starved__100b,en-ar__unigram_starved__100b-v11-noramp15e4,,26987,25717632688.493656,eval/flores_ar_bpb,0.8970976091812933
en-ar__unigram_starved__100b-v11-noramp15e4,en-ar__unigram_starved__100b,en-ar__unigram_starved__100b-v11-noramp15e4,,26987,25717632688.493656,eval/flores_en_bpb,1.1961002145426298
en-ar__unigram_starved__100b-v11-noramp15e4,en-ar__unigram_starved__100b,en-ar__unigram_starved__100b-v11-noramp15e4,,26987,25717632688.493656,eval/holdout_ar_bpb,0.7736299717735554
en-ar__unigram_starved__100b-v11-noramp15e4,en-ar__unigram_starved__100b,en-ar__unigram_starved__100b-v11-noramp15e4,,26987,25717632688.493656,eval/holdout_en_bpb,1.0004575484775617
en-ar__unigram_starved__100b-v12-nd,en-ar__unigram_starved__100b,en-ar__unigram_starved__100b-v12-nd,,27496,26254301377.071365,eval/flores_ar_bpb,0.9285424121952708
en-ar__unigram_starved__100b-v12-nd,en-ar__unigram_starved__100b,en-ar__unigram_starved__100b-v12-nd,,27496,26254301377.071365,eval/flores_en_bpb,1.240657252056026
en-ar__unigram_starved__100b-v12-nd,en-ar__unigram_starved__100b,en-ar__unigram_starved__100b-v12-nd,,27496,26254301377.071365,eval/holdout_ar_bpb,0.8029595517282522
en-ar__unigram_starved__100b-v12-nd,en-ar__unigram_starved__100b,en-ar__unigram_starved__100b-v12-nd,,27496,26254301377.071365,eval/holdout_en_bpb,1.0385955040269694
en-ar__unigram_starved__100b-v13-gwd,en-ar__unigram_starved__100b,en-ar__unigram_starved__100b-v13-gwd,,28005,26844066784.65306,eval/flores_ar_bpb,0.9236204692296668
en-ar__unigram_starved__100b-v13-gwd,en-ar__unigram_starved__100b,en-ar__unigram_starved__100b-v13-gwd,,28005,26844066784.65306,eval/flores_en_bpb,1.2438703296987268
en-ar__unigram_starved__100b-v13-gwd,en-ar__unigram_starved__100b,en-ar__unigram_starved__100b-v13-gwd,,28005,26844066784.65306,eval/holdout_ar_bpb,0.8047588626866573
en-ar__unigram_starved__100b-v13-gwd,en-ar__unigram_starved__100b,en-ar__unigram_starved__100b-v13-gwd,,28005,26844066784.65306,eval/holdout_en_bpb,1.0432006489499874
en-ar__unigram_starved__100b-v13-gwd,en-ar__unigram_starved__100b,en-ar__unigram_starved__100b-v13-gwd,,28514,27331966445.191837,eval/flores_ar_bpb,0.94894115516168
en-ar__unigram_starved__100b-v13-gwd,en-ar__unigram_starved__100b,en-ar__unigram_starved__100b-v13-gwd,,28514,27331966445.191837,eval/flores_en_bpb,1.2525568130881635
en-ar__unigram_starved__100b-v13-gwd,en-ar__unigram_starved__100b,en-ar__unigram_starved__100b-v13-gwd,,28514,27331966445.191837,eval/holdout_ar_bpb,0.8261456064539832
en-ar__unigram_starved__100b-v13-gwd,en-ar__unigram_starved__100b,en-ar__unigram_starved__100b-v13-gwd,,28514,27331966445.191837,eval/holdout_en_bpb,1.0494340397272444
en-ar__unigram_starved__100b-v13-gwd,en-ar__unigram_starved__100b,en-ar__unigram_starved__100b-v13-gwd,,29023,27819866105.730614,eval/flores_ar_bpb,0.9585690493844694
en-ar__unigram_starved__100b-v13-gwd,en-ar__unigram_starved__100b,en-ar__unigram_starved__100b-v13-gwd,,29023,27819866105.730614,eval/flores_en_bpb,1.2582766950880764
en-ar__unigram_starved__100b-v13-gwd,en-ar__unigram_starved__100b,en-ar__unigram_starved__100b-v13-gwd,,29023,27819866105.730614,eval/holdout_ar_bpb,0.8308644966317633
en-ar__unigram_starved__100b-v13-gwd,en-ar__unigram_starved__100b,en-ar__unigram_starved__100b-v13-gwd,,29023,27819866105.730614,eval/holdout_en_bpb,1.051811029086051
en-ar__unigram_starved__100b-v13-gwd,en-ar__unigram_starved__100b,en-ar__unigram_starved__100b-v13-gwd,,29532,28307765766.26939,eval/flores_ar_bpb,0.9572337159789314
en-ar__unigram_starved__100b-v13-gwd,en-ar__unigram_starved__100b,en-ar__unigram_starved__100b-v13-gwd,,29532,28307765766.26939,eval/flores_en_bpb,1.2389216449936826
en-ar__unigram_starved__100b-v13-gwd,en-ar__unigram_starved__100b,en-ar__unigram_starved__100b-v13-gwd,,29532,28307765766.26939,eval/holdout_ar_bpb,0.8341531326399744
en-ar__unigram_starved__100b-v13-gwd,en-ar__unigram_starved__100b,en-ar__unigram_starved__100b-v13-gwd,,29532,28307765766.26939,eval/holdout_en_bpb,1.0583346571642758
en-ar__unigram_starved__100b-v13-gwd,en-ar__unigram_starved__100b,en-ar__unigram_starved__100b-v13-gwd,,30041,28795665426.808163,eval/flores_ar_bpb,0.9688591106169457
en-ar__unigram_starved__100b-v13-gwd,en-ar__unigram_starved__100b,en-ar__unigram_starved__100b-v13-gwd,,30041,28795665426.808163,eval/flores_en_bpb,1.2586684237893602
en-ar__unigram_starved__100b-v13-gwd,en-ar__unigram_starved__100b,en-ar__unigram_starved__100b-v13-gwd,,30041,28795665426.808163,eval/holdout_ar_bpb,0.8448678063281966
en-ar__unigram_starved__100b-v13-gwd,en-ar__unigram_starved__100b,en-ar__unigram_starved__100b-v13-gwd,,30041,28795665426.808163,eval/holdout_en_bpb,1.0633646114987234
en-ar__unigram_starved__100b-v13-gwd,en-ar__unigram_starved__100b,en-ar__unigram_starved__100b-v13-gwd,,30550,29283565087.34694,eval/flores_ar_bpb,1.0392393586833562
en-ar__unigram_starved__100b-v13-gwd,en-ar__unigram_starved__100b,en-ar__unigram_starved__100b-v13-gwd,,30550,29283565087.34694,eval/flores_en_bpb,1.3077483762336943
en-ar__unigram_starved__100b-v13-gwd,en-ar__unigram_starved__100b,en-ar__unigram_starved__100b-v13-gwd,,30550,29283565087.34694,eval/holdout_ar_bpb,0.923072557299496
en-ar__unigram_starved__100b-v13-gwd,en-ar__unigram_starved__100b,en-ar__unigram_starved__100b-v13-gwd,,30550,29283565087.34694,eval/holdout_en_bpb,1.1116263605727235
en-ar__unigram_starved__100b-v13-gwd,en-ar__unigram_starved__100b,en-ar__unigram_starved__100b-v13-gwd,,31059,29771464747.885715,eval/flores_ar_bpb,1.053697869690379
en-ar__unigram_starved__100b-v13-gwd,en-ar__unigram_starved__100b,en-ar__unigram_starved__100b-v13-gwd,,31059,29771464747.885715,eval/flores_en_bpb,1.410689555125778
en-ar__unigram_starved__100b-v13-gwd,en-ar__unigram_starved__100b,en-ar__unigram_starved__100b-v13-gwd,,31059,29771464747.885715,eval/holdout_ar_bpb,0.9303602336384152
en-ar__unigram_starved__100b-v13-gwd,en-ar__unigram_starved__100b,en-ar__unigram_starved__100b-v13-gwd,,31059,29771464747.885715,eval/holdout_en_bpb,1.2043199137595801
en-ar__unigram_starved__100b-v13-gwd,en-ar__unigram_starved__100b,en-ar__unigram_starved__100b-v13-gwd,,33094,31722104844.538776,eval/flores_ar_bpb,1.0484487407762422
en-ar__unigram_starved__100b-v13-gwd,en-ar__unigram_starved__100b,en-ar__unigram_starved__100b-v13-gwd,,33094,31722104844.538776,eval/flores_en_bpb,1.4165013326104479
en-ar__unigram_starved__100b-v13-gwd,en-ar__unigram_starved__100b,en-ar__unigram_starved__100b-v13-gwd,,33094,31722104844.538776,eval/holdout_ar_bpb,0.9168729050248249
en-ar__unigram_starved__100b-v13-gwd,en-ar__unigram_starved__100b,en-ar__unigram_starved__100b-v13-gwd,,33094,31722104844.538776,eval/holdout_en_bpb,1.1930597084812393
en-ar__unigram_starved__100b-v13-gwd,en-ar__unigram_starved__100b,en-ar__unigram_starved__100b-v13-gwd,,35129,33672744941.191837,eval/flores_ar_bpb,1.126463284342837
en-ar__unigram_starved__100b-v13-gwd,en-ar__unigram_starved__100b,en-ar__unigram_starved__100b-v13-gwd,,35129,33672744941.191837,eval/flores_en_bpb,1.4223950776304963
en-ar__unigram_starved__100b-v13-gwd,en-ar__unigram_starved__100b,en-ar__unigram_starved__100b-v13-gwd,,35129,33672744941.191837,eval/holdout_ar_bpb,0.9944523597839366
en-ar__unigram_starved__100b-v13-gwd,en-ar__unigram_starved__100b,en-ar__unigram_starved__100b-v13-gwd,,35129,33672744941.191837,eval/holdout_en_bpb,1.2059902337474186
en-ar__unigram_starved__100b-v3,en-ar__unigram_starved__100b,en-ar__unigram_starved__100b-v3,,25968,24728093487.864784,eval/flores_ar_bpb,0.9223037191688004
en-ar__unigram_starved__100b-v3,en-ar__unigram_starved__100b,en-ar__unigram_starved__100b-v3,,25968,24728093487.864784,eval/flores_en_bpb,1.255018184024328
en-ar__unigram_starved__100b-v3,en-ar__unigram_starved__100b,en-ar__unigram_starved__100b-v3,,25968,24728093487.864784,eval/holdout_ar_bpb,0.8124404936193621
en-ar__unigram_starved__100b-v3,en-ar__unigram_starved__100b,en-ar__unigram_starved__100b-v3,,25968,24728093487.864784,eval/holdout_en_bpb,1.0712508055789616
en-ar__unigram_starved__100b-v6,en-ar__unigram_starved__100b,en-ar__unigram_starved__100b-v6,,24442,23276461275.21792,eval/flores_ar_bpb,0.8562163723688586
en-ar__unigram_starved__100b-v6,en-ar__unigram_starved__100b,en-ar__unigram_starved__100b-v6,,24442,23276461275.21792,eval/flores_en_bpb,1.1549983928744796
en-ar__unigram_starved__100b-v6,en-ar__unigram_starved__100b,en-ar__unigram_starved__100b-v6,,24442,23276461275.21792,eval/holdout_ar_bpb,0.7331371948418907
en-ar__unigram_starved__100b-v6,en-ar__unigram_starved__100b,en-ar__unigram_starved__100b-v6,,24442,23276461275.21792,eval/holdout_en_bpb,0.9639560880865663
en-ar__unigram_starved__100b-v6,en-ar__unigram_starved__100b,en-ar__unigram_starved__100b-v6,,24951,23761189153.01376,eval/flores_ar_bpb,0.8553536161455322
en-ar__unigram_starved__100b-v6,en-ar__unigram_starved__100b,en-ar__unigram_starved__100b-v6,,24951,23761189153.01376,eval/flores_en_bpb,1.1561046416249674
en-ar__unigram_starved__100b-v6,en-ar__unigram_starved__100b,en-ar__unigram_starved__100b-v6,,24951,23761189153.01376,eval/holdout_ar_bpb,0.7354205842827408
en-ar__unigram_starved__100b-v6,en-ar__unigram_starved__100b,en-ar__unigram_starved__100b-v6,,24951,23761189153.01376,eval/holdout_en_bpb,0.9660040642176971
en-ar__unigram_starved__100b-v6,en-ar__unigram_starved__100b,en-ar__unigram_starved__100b-v6,,25460,24245917030.8096,eval/flores_ar_bpb,0.8743579222319171
en-ar__unigram_starved__100b-v6,en-ar__unigram_starved__100b,en-ar__unigram_starved__100b-v6,,25460,24245917030.8096,eval/flores_en_bpb,1.177738985291551
en-ar__unigram_starved__100b-v6,en-ar__unigram_starved__100b,en-ar__unigram_starved__100b-v6,,25460,24245917030.8096,eval/holdout_ar_bpb,0.7509296664643622
en-ar__unigram_starved__100b-v6,en-ar__unigram_starved__100b,en-ar__unigram_starved__100b-v6,,25460,24245917030.8096,eval/holdout_en_bpb,0.9824498405880929
en-ar__unigram_starved__100b-v6,en-ar__unigram_starved__100b,en-ar__unigram_starved__100b-v6,,25969,24730644908.60544,eval/flores_ar_bpb,0.902394497715988
en-ar__unigram_starved__100b-v6,en-ar__unigram_starved__100b,en-ar__unigram_starved__100b-v6,,25969,24730644908.60544,eval/flores_en_bpb,1.2758397215759467
en-ar__unigram_starved__100b-v6,en-ar__unigram_starved__100b,en-ar__unigram_starved__100b-v6,,25969,24730644908.60544,eval/holdout_ar_bpb,0.7855120863130566
en-ar__unigram_starved__100b-v6,en-ar__unigram_starved__100b,en-ar__unigram_starved__100b-v6,,25969,24730644908.60544,eval/holdout_en_bpb,1.0208796299296157
en-ar__unigram_starved__100b-v7,en-ar__unigram_starved__100b,en-ar__unigram_starved__100b-v7,,26987,25761522872.775112,eval/flores_ar_bpb,0.9081092050532314
en-ar__unigram_starved__100b-v7,en-ar__unigram_starved__100b,en-ar__unigram_starved__100b-v7,,26987,25761522872.775112,eval/flores_en_bpb,1.2162965758036224
en-ar__unigram_starved__100b-v7,en-ar__unigram_starved__100b,en-ar__unigram_starved__100b-v7,,26987,25761522872.775112,eval/holdout_ar_bpb,0.7900127204236478
en-ar__unigram_starved__100b-v7,en-ar__unigram_starved__100b,en-ar__unigram_starved__100b-v7,,26987,25761522872.775112,eval/holdout_en_bpb,1.0270287338570205
en-ar__unigram_starved__100b-v7,en-ar__unigram_starved__100b,en-ar__unigram_starved__100b-v7,,27496,26247409230.734222,eval/flores_ar_bpb,0.940240606010045
en-ar__unigram_starved__100b-v7,en-ar__unigram_starved__100b,en-ar__unigram_starved__100b-v7,,27496,26247409230.734222,eval/flores_en_bpb,1.251336610274935
en-ar__unigram_starved__100b-v7,en-ar__unigram_starved__100b,en-ar__unigram_starved__100b-v7,,27496,26247409230.734222,eval/holdout_ar_bpb,0.8254122861935574
en-ar__unigram_starved__100b-v7,en-ar__unigram_starved__100b,en-ar__unigram_starved__100b-v7,,27496,26247409230.734222,eval/holdout_en_bpb,1.0547823821303417
en-ar__unigram_starved__100b-v8-3e3wdramp,en-ar__unigram_starved__100b,en-ar__unigram_starved__100b-v8-3e3wdramp,,24442,23282421611.76381,eval/flores_ar_bpb,0.8563678801359851
en-ar__unigram_starved__100b-v8-3e3wdramp,en-ar__unigram_starved__100b,en-ar__unigram_starved__100b-v8-3e3wdramp,,24442,23282421611.76381,eval/flores_en_bpb,1.1554466867451294
en-ar__unigram_starved__100b-v8-3e3wdramp,en-ar__unigram_starved__100b,en-ar__unigram_starved__100b-v8-3e3wdramp,,24442,23282421611.76381,eval/holdout_ar_bpb,0.7332474008227677
en-ar__unigram_starved__100b-v8-3e3wdramp,en-ar__unigram_starved__100b,en-ar__unigram_starved__100b-v8-3e3wdramp,,24442,23282421611.76381,eval/holdout_en_bpb,0.9640109801368789
en-ar__unigram_starved__100b-v8-3e3wdramp,en-ar__unigram_starved__100b,en-ar__unigram_starved__100b-v8-3e3wdramp,,24951,23767273612.434284,eval/flores_ar_bpb,0.8533914263753302
en-ar__unigram_starved__100b-v8-3e3wdramp,en-ar__unigram_starved__100b,en-ar__unigram_starved__100b-v8-3e3wdramp,,24951,23767273612.434284,eval/flores_en_bpb,1.154475023425073
en-ar__unigram_starved__100b-v8-3e3wdramp,en-ar__unigram_starved__100b,en-ar__unigram_starved__100b-v8-3e3wdramp,,24951,23767273612.434284,eval/holdout_ar_bpb,0.7351756421050025
en-ar__unigram_starved__100b-v8-3e3wdramp,en-ar__unigram_starved__100b,en-ar__unigram_starved__100b-v8-3e3wdramp,,24951,23767273612.434284,eval/holdout_en_bpb,0.9654891412538913
en-ar__unigram_starved__100b-v8-3e3wdramp,en-ar__unigram_starved__100b,en-ar__unigram_starved__100b-v8-3e3wdramp,,25460,24252125613.104763,eval/flores_ar_bpb,0.8720591895272075
en-ar__unigram_starved__100b-v8-3e3wdramp,en-ar__unigram_starved__100b,en-ar__unigram_starved__100b-v8-3e3wdramp,,25460,24252125613.104763,eval/flores_en_bpb,1.1743303119818072
en-ar__unigram_starved__100b-v8-3e3wdramp,en-ar__unigram_starved__100b,en-ar__unigram_starved__100b-v8-3e3wdramp,,25460,24252125613.104763,eval/holdout_ar_bpb,0.7491431160928035
en-ar__unigram_starved__100b-v8-3e3wdramp,en-ar__unigram_starved__100b,en-ar__unigram_starved__100b-v8-3e3wdramp,,25460,24252125613.104763,eval/holdout_en_bpb,0.9803870035718525
en-ar__unigram_starved__100b-v8-3e3wdramp,en-ar__unigram_starved__100b,en-ar__unigram_starved__100b-v8-3e3wdramp,,25969,24736977613.775238,eval/flores_ar_bpb,0.8959059500313539
en-ar__unigram_starved__100b-v8-3e3wdramp,en-ar__unigram_starved__100b,en-ar__unigram_starved__100b-v8-3e3wdramp,,25969,24736977613.775238,eval/flores_en_bpb,1.1933535403282045
en-ar__unigram_starved__100b-v8-3e3wdramp,en-ar__unigram_starved__100b,en-ar__unigram_starved__100b-v8-3e3wdramp,,25969,24736977613.775238,eval/holdout_ar_bpb,0.7761668596379313
en-ar__unigram_starved__100b-v8-3e3wdramp,en-ar__unigram_starved__100b,en-ar__unigram_starved__100b-v8-3e3wdramp,,25969,24736977613.775238,eval/holdout_en_bpb,1.0095771480312663
en-ar__unigram_starved__100b-v8-3e3wdramp,en-ar__unigram_starved__100b,en-ar__unigram_starved__100b-v8-3e3wdramp,,26478,25221829614.445713,eval/flores_ar_bpb,0.9106601704156293
en-ar__unigram_starved__100b-v8-3e3wdramp,en-ar__unigram_starved__100b,en-ar__unigram_starved__100b-v8-3e3wdramp,,26478,25221829614.445713,eval/flores_en_bpb,1.2198765931676223
en-ar__unigram_starved__100b-v8-3e3wdramp,en-ar__unigram_starved__100b,en-ar__unigram_starved__100b-v8-3e3wdramp,,26478,25221829614.445713,eval/holdout_ar_bpb,0.7987172540019728
en-ar__unigram_starved__100b-v8-3e3wdramp,en-ar__unigram_starved__100b,en-ar__unigram_starved__100b-v8-3e3wdramp,,26478,25221829614.445713,eval/holdout_en_bpb,1.0413394561352214
en-ar__unigram_starved__100b_scratch,en-ar__unigram_starved__100b_scratch,en-ar__unigram_starved__100b_scratch,,239,250609664.0,eval/flores_ar_bpb,1.3089702272523858
en-ar__unigram_starved__100b_scratch,en-ar__unigram_starved__100b_scratch,en-ar__unigram_starved__100b_scratch,,239,250609664.0,eval/flores_en_bpb,1.8432623389691816
en-ar__unigram_starved__100b_scratch,en-ar__unigram_starved__100b_scratch,en-ar__unigram_starved__100b_scratch,,239,250609664.0,eval/holdout_ar_bpb,1.2898187144085778
en-ar__unigram_starved__100b_scratch,en-ar__unigram_starved__100b_scratch,en-ar__unigram_starved__100b_scratch,,239,250609664.0,eval/holdout_en_bpb,1.730814100725571
en-ar__unigram_starved__100b_scratch,en-ar__unigram_starved__100b_scratch,en-ar__unigram_starved__100b_scratch,,478,501219328.0,eval/flores_ar_bpb,1.1849487439577695
en-ar__unigram_starved__100b_scratch,en-ar__unigram_starved__100b_scratch,en-ar__unigram_starved__100b_scratch,,478,501219328.0,eval/flores_en_bpb,1.6299439328884202
en-ar__unigram_starved__100b_scratch,en-ar__unigram_starved__100b_scratch,en-ar__unigram_starved__100b_scratch,,478,501219328.0,eval/holdout_ar_bpb,1.1494550395472003
en-ar__unigram_starved__100b_scratch,en-ar__unigram_starved__100b_scratch,en-ar__unigram_starved__100b_scratch,,478,501219328.0,eval/holdout_en_bpb,1.4922241704335601
en-ar__unigram_starved__100b_scratch,en-ar__unigram_starved__100b_scratch,en-ar__unigram_starved__100b_scratch,,717,751828992.0,eval/flores_ar_bpb,1.0798298796706813
en-ar__unigram_starved__100b_scratch,en-ar__unigram_starved__100b_scratch,en-ar__unigram_starved__100b_scratch,,717,751828992.0,eval/flores_en_bpb,1.4731424113271965
en-ar__unigram_starved__100b_scratch,en-ar__unigram_starved__100b_scratch,en-ar__unigram_starved__100b_scratch,,717,751828992.0,eval/holdout_ar_bpb,1.028720344492042
en-ar__unigram_starved__100b_scratch,en-ar__unigram_starved__100b_scratch,en-ar__unigram_starved__100b_scratch,,717,751828992.0,eval/holdout_en_bpb,1.336507453531138
en-ar__unigram_starved__100b_scratch,en-ar__unigram_starved__100b_scratch,en-ar__unigram_starved__100b_scratch,,956,1002438656.0,eval/flores_ar_bpb,1.0458913386834376
en-ar__unigram_starved__100b_scratch,en-ar__unigram_starved__100b_scratch,en-ar__unigram_starved__100b_scratch,,956,1002438656.0,eval/flores_en_bpb,1.457294579709251
en-ar__unigram_starved__100b_scratch,en-ar__unigram_starved__100b_scratch,en-ar__unigram_starved__100b_scratch,,956,1002438656.0,eval/holdout_ar_bpb,1.0031555507484093
en-ar__unigram_starved__100b_scratch,en-ar__unigram_starved__100b_scratch,en-ar__unigram_starved__100b_scratch,,956,1002438656.0,eval/holdout_en_bpb,1.302713010078918
en-ar__unigram_starved__100b_scratch,en-ar__unigram_starved__100b_scratch,en-ar__unigram_starved__100b_scratch,,1195,1253048320.0,eval/flores_ar_bpb,1.0021996210995605
en-ar__unigram_starved__100b_scratch,en-ar__unigram_starved__100b_scratch,en-ar__unigram_starved__100b_scratch,,1195,1253048320.0,eval/flores_en_bpb,1.4118213406877156
en-ar__unigram_starved__100b_scratch,en-ar__unigram_starved__100b_scratch,en-ar__unigram_starved__100b_scratch,,1195,1253048320.0,eval/holdout_ar_bpb,0.9625724307259323
en-ar__unigram_starved__100b_scratch,en-ar__unigram_starved__100b_scratch,en-ar__unigram_starved__100b_scratch,,1195,1253048320.0,eval/holdout_en_bpb,1.249968318656574
en-ar__unigram_starved__100b_scratch,en-ar__unigram_starved__100b_scratch,en-ar__unigram_starved__100b_scratch,,1434,1503657984.0,eval/flores_ar_bpb,0.992139357996924
en-ar__unigram_starved__100b_scratch,en-ar__unigram_starved__100b_scratch,en-ar__unigram_starved__100b_scratch,,1434,1503657984.0,eval/flores_en_bpb,1.363094997342193
en-ar__unigram_starved__100b_scratch,en-ar__unigram_starved__100b_scratch,en-ar__unigram_starved__100b_scratch,,1434,1503657984.0,eval/holdout_ar_bpb,0.9311198255592831
en-ar__unigram_starved__100b_scratch,en-ar__unigram_starved__100b_scratch,en-ar__unigram_starved__100b_scratch,,1434,1503657984.0,eval/holdout_en_bpb,1.2074923463875407
en-ar__unigram_starved__100b_scratch,en-ar__unigram_starved__100b_scratch,en-ar__unigram_starved__100b_scratch,,1673,1754267648.0,eval/flores_ar_bpb,0.967537756742161
en-ar__unigram_starved__100b_scratch,en-ar__unigram_starved__100b_scratch,en-ar__unigram_starved__100b_scratch,,1673,1754267648.0,eval/flores_en_bpb,1.3246404167839438
en-ar__unigram_starved__100b_scratch,en-ar__unigram_starved__100b_scratch,en-ar__unigram_starved__100b_scratch,,1673,1754267648.0,eval/holdout_ar_bpb,0.9071092411380784
en-ar__unigram_starved__100b_scratch,en-ar__unigram_starved__100b_scratch,en-ar__unigram_starved__100b_scratch,,1673,1754267648.0,eval/holdout_en_bpb,1.1752171578021933
en-ar__unigram_starved__100b_scratch,en-ar__unigram_starved__100b_scratch,en-ar__unigram_starved__100b_scratch,,2150,2254438400.0,eval/flores_ar_bpb,0.9558438553494365
en-ar__unigram_starved__100b_scratch,en-ar__unigram_starved__100b_scratch,en-ar__unigram_starved__100b_scratch,,2150,2254438400.0,eval/flores_en_bpb,1.3071099152970105
en-ar__unigram_starved__100b_scratch,en-ar__unigram_starved__100b_scratch,en-ar__unigram_starved__100b_scratch,,2150,2254438400.0,eval/holdout_ar_bpb,0.8824895308391014
en-ar__unigram_starved__100b_scratch,en-ar__unigram_starved__100b_scratch,en-ar__unigram_starved__100b_scratch,,2150,2254438400.0,eval/holdout_en_bpb,1.1415031246516958
en-ar__unigram_starved__100b_scratch,en-ar__unigram_starved__100b_scratch,en-ar__unigram_starved__100b_scratch,,2627,2754609152.0,eval/flores_ar_bpb,0.9364034744107103
en-ar__unigram_starved__100b_scratch,en-ar__unigram_starved__100b_scratch,en-ar__unigram_starved__100b_scratch,,2627,2754609152.0,eval/flores_en_bpb,1.2749318997752512
en-ar__unigram_starved__100b_scratch,en-ar__unigram_starved__100b_scratch,en-ar__unigram_starved__100b_scratch,,2627,2754609152.0,eval/holdout_ar_bpb,0.86300822377367
en-ar__unigram_starved__100b_scratch,en-ar__unigram_starved__100b_scratch,en-ar__unigram_starved__100b_scratch,,2627,2754609152.0,eval/holdout_en_bpb,1.1141725907493778
en-ar__unigram_starved__100b_scratch,en-ar__unigram_starved__100b_scratch,en-ar__unigram_starved__100b_scratch,,3104,3254779904.0,eval/flores_ar_bpb,0.9241255060313468
en-ar__unigram_starved__100b_scratch,en-ar__unigram_starved__100b_scratch,en-ar__unigram_starved__100b_scratch,,3104,3254779904.0,eval/flores_en_bpb,1.2552159887562908
en-ar__unigram_starved__100b_scratch,en-ar__unigram_starved__100b_scratch,en-ar__unigram_starved__100b_scratch,,3104,3254779904.0,eval/holdout_ar_bpb,0.8481238595044853
en-ar__unigram_starved__100b_scratch,en-ar__unigram_starved__100b_scratch,en-ar__unigram_starved__100b_scratch,,3104,3254779904.0,eval/holdout_en_bpb,1.097403810871325
en-ar__unigram_starved__100b_scratch,en-ar__unigram_starved__100b_scratch,en-ar__unigram_starved__100b_scratch,,3581,3754950656.0,eval/flores_ar_bpb,0.9195200105585537
en-ar__unigram_starved__100b_scratch,en-ar__unigram_starved__100b_scratch,en-ar__unigram_starved__100b_scratch,,3581,3754950656.0,eval/flores_en_bpb,1.2646840188126707
en-ar__unigram_starved__100b_scratch,en-ar__unigram_starved__100b_scratch,en-ar__unigram_starved__100b_scratch,,3581,3754950656.0,eval/holdout_ar_bpb,0.8396077732480143
en-ar__unigram_starved__100b_scratch,en-ar__unigram_starved__100b_scratch,en-ar__unigram_starved__100b_scratch,,3581,3754950656.0,eval/holdout_en_bpb,1.0863739344849201
en-ar__unigram_starved__100b_scratch,en-ar__unigram_starved__100b_scratch,en-ar__unigram_starved__100b_scratch,,4058,4255121408.0,eval/flores_ar_bpb,0.9188841841457283
en-ar__unigram_starved__100b_scratch,en-ar__unigram_starved__100b_scratch,en-ar__unigram_starved__100b_scratch,,4058,4255121408.0,eval/flores_en_bpb,1.2452305700326372
en-ar__unigram_starved__100b_scratch,en-ar__unigram_starved__100b_scratch,en-ar__unigram_starved__100b_scratch,,4058,4255121408.0,eval/holdout_ar_bpb,0.8312293005228011
en-ar__unigram_starved__100b_scratch,en-ar__unigram_starved__100b_scratch,en-ar__unigram_starved__100b_scratch,,4058,4255121408.0,eval/holdout_en_bpb,1.0748047495230384
en-ar__unigram_starved__100b_scratch,en-ar__unigram_starved__100b_scratch,en-ar__unigram_starved__100b_scratch,,4535,4755292160.0,eval/flores_ar_bpb,0.9130913172574001
en-ar__unigram_starved__100b_scratch,en-ar__unigram_starved__100b_scratch,en-ar__unigram_starved__100b_scratch,,4535,4755292160.0,eval/flores_en_bpb,1.2416329850849126
en-ar__unigram_starved__100b_scratch,en-ar__unigram_starved__100b_scratch,en-ar__unigram_starved__100b_scratch,,4535,4755292160.0,eval/holdout_ar_bpb,0.8241514082868913
en-ar__unigram_starved__100b_scratch,en-ar__unigram_starved__100b_scratch,en-ar__unigram_starved__100b_scratch,,4535,4755292160.0,eval/holdout_en_bpb,1.067462625968739
en-ar__unigram_starved__100b_scratch,en-ar__unigram_starved__100b_scratch,en-ar__unigram_starved__100b_scratch,,5489,5755633664.0,eval/flores_ar_bpb,0.9026626295822281
en-ar__unigram_starved__100b_scratch,en-ar__unigram_starved__100b_scratch,en-ar__unigram_starved__100b_scratch,,5489,5755633664.0,eval/flores_en_bpb,1.2252118321212682
en-ar__unigram_starved__100b_scratch,en-ar__unigram_starved__100b_scratch,en-ar__unigram_starved__100b_scratch,,5489,5755633664.0,eval/holdout_ar_bpb,0.8142529878459577
en-ar__unigram_starved__100b_scratch,en-ar__unigram_starved__100b_scratch,en-ar__unigram_starved__100b_scratch,,5489,5755633664.0,eval/holdout_en_bpb,1.0555473209767814
en-ar__unigram_starved__100b_scratch,en-ar__unigram_starved__100b_scratch,en-ar__unigram_starved__100b_scratch,,6443,6755975168.0,eval/flores_ar_bpb,0.9023428467607316
en-ar__unigram_starved__100b_scratch,en-ar__unigram_starved__100b_scratch,en-ar__unigram_starved__100b_scratch,,6443,6755975168.0,eval/flores_en_bpb,1.2171978868701858
en-ar__unigram_starved__100b_scratch,en-ar__unigram_starved__100b_scratch,en-ar__unigram_starved__100b_scratch,,6443,6755975168.0,eval/holdout_ar_bpb,0.8069322638499719
en-ar__unigram_starved__100b_scratch,en-ar__unigram_starved__100b_scratch,en-ar__unigram_starved__100b_scratch,,6443,6755975168.0,eval/holdout_en_bpb,1.0463043459259787
en-ar__unigram_starved__100b_scratch,en-ar__unigram_starved__100b_scratch,en-ar__unigram_starved__100b_scratch,,7397,7756316672.0,eval/flores_ar_bpb,0.8946511560336484
en-ar__unigram_starved__100b_scratch,en-ar__unigram_starved__100b_scratch,en-ar__unigram_starved__100b_scratch,,7397,7756316672.0,eval/flores_en_bpb,1.211699578452899
en-ar__unigram_starved__100b_scratch,en-ar__unigram_starved__100b_scratch,en-ar__unigram_starved__100b_scratch,,7397,7756316672.0,eval/holdout_ar_bpb,0.8017779097129817
en-ar__unigram_starved__100b_scratch,en-ar__unigram_starved__100b_scratch,en-ar__unigram_starved__100b_scratch,,7397,7756316672.0,eval/holdout_en_bpb,1.0390617973997691
en-ar__unigram_starved__100b_scratch,en-ar__unigram_starved__100b_scratch,en-ar__unigram_starved__100b_scratch,,8351,8756658176.0,eval/flores_ar_bpb,0.8916649084811302
en-ar__unigram_starved__100b_scratch,en-ar__unigram_starved__100b_scratch,en-ar__unigram_starved__100b_scratch,,8351,8756658176.0,eval/flores_en_bpb,1.2068789255178114
en-ar__unigram_starved__100b_scratch,en-ar__unigram_starved__100b_scratch,en-ar__unigram_starved__100b_scratch,,8351,8756658176.0,eval/holdout_ar_bpb,0.8023770959929508
en-ar__unigram_starved__100b_scratch,en-ar__unigram_starved__100b_scratch,en-ar__unigram_starved__100b_scratch,,8351,8756658176.0,eval/holdout_en_bpb,1.0364041595205729
en-ar__unigram_starved__100b_scratch,en-ar__unigram_starved__100b_scratch,en-ar__unigram_starved__100b_scratch,,9305,9756999680.0,eval/flores_ar_bpb,0.8998455087470097
en-ar__unigram_starved__100b_scratch,en-ar__unigram_starved__100b_scratch,en-ar__unigram_starved__100b_scratch,,9305,9756999680.0,eval/flores_en_bpb,1.2035240706707802
en-ar__unigram_starved__100b_scratch,en-ar__unigram_starved__100b_scratch,en-ar__unigram_starved__100b_scratch,,9305,9756999680.0,eval/holdout_ar_bpb,0.7921959610968495
en-ar__unigram_starved__100b_scratch,en-ar__unigram_starved__100b_scratch,en-ar__unigram_starved__100b_scratch,,9305,9756999680.0,eval/holdout_en_bpb,1.02992416816033
en-ar__unigram_starved__100b_scratch,en-ar__unigram_starved__100b_scratch,en-ar__unigram_starved__100b_scratch,,10259,10757341184.0,eval/flores_ar_bpb,0.8909255609239846
en-ar__unigram_starved__100b_scratch,en-ar__unigram_starved__100b_scratch,en-ar__unigram_starved__100b_scratch,,10259,10757341184.0,eval/flores_en_bpb,1.1986256382970095
en-ar__unigram_starved__100b_scratch,en-ar__unigram_starved__100b_scratch,en-ar__unigram_starved__100b_scratch,,10259,10757341184.0,eval/holdout_ar_bpb,0.7890068679265201
en-ar__unigram_starved__100b_scratch,en-ar__unigram_starved__100b_scratch,en-ar__unigram_starved__100b_scratch,,10259,10757341184.0,eval/holdout_en_bpb,1.0246543628925107
en-ar__unigram_starved__100b_scratch,en-ar__unigram_starved__100b_scratch,en-ar__unigram_starved__100b_scratch,,11213,11757682688.0,eval/flores_ar_bpb,0.8870478303202936
en-ar__unigram_starved__100b_scratch,en-ar__unigram_starved__100b_scratch,en-ar__unigram_starved__100b_scratch,,11213,11757682688.0,eval/flores_en_bpb,1.196758809430186
en-ar__unigram_starved__100b_scratch,en-ar__unigram_starved__100b_scratch,en-ar__unigram_starved__100b_scratch,,11213,11757682688.0,eval/holdout_ar_bpb,0.785515534763614
en-ar__unigram_starved__100b_scratch,en-ar__unigram_starved__100b_scratch,en-ar__unigram_starved__100b_scratch,,11213,11757682688.0,eval/holdout_en_bpb,1.0199413996917515
en-ar__unigram_starved__100b_scratch,en-ar__unigram_starved__100b_scratch,en-ar__unigram_starved__100b_scratch,,12167,12758024192.0,eval/flores_ar_bpb,0.8841637686525682
en-ar__unigram_starved__100b_scratch,en-ar__unigram_starved__100b_scratch,en-ar__unigram_starved__100b_scratch,,12167,12758024192.0,eval/flores_en_bpb,1.1899437176955634
en-ar__unigram_starved__100b_scratch,en-ar__unigram_starved__100b_scratch,en-ar__unigram_starved__100b_scratch,,12167,12758024192.0,eval/holdout_ar_bpb,0.7847682451450776
en-ar__unigram_starved__100b_scratch,en-ar__unigram_starved__100b_scratch,en-ar__unigram_starved__100b_scratch,,12167,12758024192.0,eval/holdout_en_bpb,1.0175616179494325
en-de__unigram_destarved__100b-v10-3e3wdramp,en-de__unigram_destarved__100b,en-de__unigram_destarved__100b-v10-3e3wdramp,,24586,23257412098.821743,eval/flores_de_bpb,0.9960071829337179
en-de__unigram_destarved__100b-v10-3e3wdramp,en-de__unigram_destarved__100b,en-de__unigram_destarved__100b-v10-3e3wdramp,,24586,23257412098.821743,eval/flores_en_bpb,1.120700112998472
en-de__unigram_destarved__100b-v10-3e3wdramp,en-de__unigram_destarved__100b,en-de__unigram_destarved__100b-v10-3e3wdramp,,24586,23257412098.821743,eval/holdout_de_bpb,0.8757434594315829
en-de__unigram_destarved__100b-v10-3e3wdramp,en-de__unigram_destarved__100b,en-de__unigram_destarved__100b-v10-3e3wdramp,,24586,23257412098.821743,eval/holdout_en_bpb,0.9200386576768194
en-de__unigram_destarved__100b-v11-noramp15e4,en-de__unigram_destarved__100b,en-de__unigram_destarved__100b-v11-noramp15e4,,24586,23296815918.09595,eval/flores_de_bpb,1.0070502799831669
en-de__unigram_destarved__100b-v11-noramp15e4,en-de__unigram_destarved__100b,en-de__unigram_destarved__100b-v11-noramp15e4,,24586,23296815918.09595,eval/flores_en_bpb,1.1261168489065057
en-de__unigram_destarved__100b-v11-noramp15e4,en-de__unigram_destarved__100b,en-de__unigram_destarved__100b-v11-noramp15e4,,24586,23296815918.09595,eval/holdout_de_bpb,0.8844163163430521
en-de__unigram_destarved__100b-v11-noramp15e4,en-de__unigram_destarved__100b,en-de__unigram_destarved__100b-v11-noramp15e4,,24586,23296815918.09595,eval/holdout_en_bpb,0.9283588438121714
en-de__unigram_destarved__100b-v11-noramp15e4,en-de__unigram_destarved__100b,en-de__unigram_destarved__100b-v11-noramp15e4,,25095,23779126147.588783,eval/flores_de_bpb,1.006486634492951
en-de__unigram_destarved__100b-v11-noramp15e4,en-de__unigram_destarved__100b,en-de__unigram_destarved__100b-v11-noramp15e4,,25095,23779126147.588783,eval/flores_en_bpb,1.1345903484759687
en-de__unigram_destarved__100b-v11-noramp15e4,en-de__unigram_destarved__100b,en-de__unigram_destarved__100b-v11-noramp15e4,,25095,23779126147.588783,eval/holdout_de_bpb,0.8791192448416578
en-de__unigram_destarved__100b-v11-noramp15e4,en-de__unigram_destarved__100b,en-de__unigram_destarved__100b-v11-noramp15e4,,25095,23779126147.588783,eval/holdout_en_bpb,0.9242424147037538
en-de__unigram_destarved__100b-v11-noramp15e4,en-de__unigram_destarved__100b,en-de__unigram_destarved__100b-v11-noramp15e4,,25604,24261436377.08162,eval/flores_de_bpb,1.0028626762602764
en-de__unigram_destarved__100b-v11-noramp15e4,en-de__unigram_destarved__100b,en-de__unigram_destarved__100b-v11-noramp15e4,,25604,24261436377.08162,eval/flores_en_bpb,1.1362310615650697
en-de__unigram_destarved__100b-v11-noramp15e4,en-de__unigram_destarved__100b,en-de__unigram_destarved__100b-v11-noramp15e4,,25604,24261436377.08162,eval/holdout_de_bpb,0.8783769528172097
en-de__unigram_destarved__100b-v11-noramp15e4,en-de__unigram_destarved__100b,en-de__unigram_destarved__100b-v11-noramp15e4,,25604,24261436377.08162,eval/holdout_en_bpb,0.9243380065134311
en-de__unigram_destarved__100b-v11-noramp15e4,en-de__unigram_destarved__100b,en-de__unigram_destarved__100b-v11-noramp15e4,,26113,24743746606.574455,eval/flores_de_bpb,0.9981110119901789
en-de__unigram_destarved__100b-v11-noramp15e4,en-de__unigram_destarved__100b,en-de__unigram_destarved__100b-v11-noramp15e4,,26113,24743746606.574455,eval/flores_en_bpb,1.1325529090844362
en-de__unigram_destarved__100b-v11-noramp15e4,en-de__unigram_destarved__100b,en-de__unigram_destarved__100b-v11-noramp15e4,,26113,24743746606.574455,eval/holdout_de_bpb,0.876943010247413
en-de__unigram_destarved__100b-v11-noramp15e4,en-de__unigram_destarved__100b,en-de__unigram_destarved__100b-v11-noramp15e4,,26113,24743746606.574455,eval/holdout_en_bpb,0.9228340767054114
en-de__unigram_destarved__100b-v11-noramp15e4,en-de__unigram_destarved__100b,en-de__unigram_destarved__100b-v11-noramp15e4,,26622,25226056836.06729,eval/flores_de_bpb,1.0049866940944854
en-de__unigram_destarved__100b-v11-noramp15e4,en-de__unigram_destarved__100b,en-de__unigram_destarved__100b-v11-noramp15e4,,26622,25226056836.06729,eval/flores_en_bpb,1.1284842537274284
en-de__unigram_destarved__100b-v11-noramp15e4,en-de__unigram_destarved__100b,en-de__unigram_destarved__100b-v11-noramp15e4,,26622,25226056836.06729,eval/holdout_de_bpb,0.881388500272149
en-de__unigram_destarved__100b-v11-noramp15e4,en-de__unigram_destarved__100b,en-de__unigram_destarved__100b-v11-noramp15e4,,26622,25226056836.06729,eval/holdout_en_bpb,0.9266996583692735
en-de__unigram_destarved__100b-v11-noramp15e4,en-de__unigram_destarved__100b,en-de__unigram_destarved__100b-v11-noramp15e4,,27131,25708367065.560123,eval/flores_de_bpb,1.0150124541759304
en-de__unigram_destarved__100b-v11-noramp15e4,en-de__unigram_destarved__100b,en-de__unigram_destarved__100b-v11-noramp15e4,,27131,25708367065.560123,eval/flores_en_bpb,1.1485222272936324
en-de__unigram_destarved__100b-v11-noramp15e4,en-de__unigram_destarved__100b,en-de__unigram_destarved__100b-v11-noramp15e4,,27131,25708367065.560123,eval/holdout_de_bpb,0.8859003077728748
en-de__unigram_destarved__100b-v11-noramp15e4,en-de__unigram_destarved__100b,en-de__unigram_destarved__100b-v11-noramp15e4,,27131,25708367065.560123,eval/holdout_en_bpb,0.9329694661810828
en-de__unigram_destarved__100b-v13-gwd,en-de__unigram_destarved__100b,en-de__unigram_destarved__100b-v13-gwd,,28149,26856197405.9416,eval/flores_de_bpb,1.0252429437197519
en-de__unigram_destarved__100b-v13-gwd,en-de__unigram_destarved__100b,en-de__unigram_destarved__100b-v13-gwd,,28149,26856197405.9416,eval/flores_en_bpb,1.1509028472537608
en-de__unigram_destarved__100b-v13-gwd,en-de__unigram_destarved__100b,en-de__unigram_destarved__100b-v13-gwd,,28149,26856197405.9416,eval/holdout_de_bpb,0.8972130560915841
en-de__unigram_destarved__100b-v13-gwd,en-de__unigram_destarved__100b,en-de__unigram_destarved__100b-v13-gwd,,28149,26856197405.9416,eval/holdout_en_bpb,0.9432668679671732
en-de__unigram_destarved__100b-v13-gwd,en-de__unigram_destarved__100b,en-de__unigram_destarved__100b-v13-gwd,,28658,27341820500.176716,eval/flores_de_bpb,1.0460536329273538
en-de__unigram_destarved__100b-v13-gwd,en-de__unigram_destarved__100b,en-de__unigram_destarved__100b-v13-gwd,,28658,27341820500.176716,eval/flores_en_bpb,1.18251165648365
en-de__unigram_destarved__100b-v13-gwd,en-de__unigram_destarved__100b,en-de__unigram_destarved__100b-v13-gwd,,28658,27341820500.176716,eval/holdout_de_bpb,0.9241414727557007
en-de__unigram_destarved__100b-v13-gwd,en-de__unigram_destarved__100b,en-de__unigram_destarved__100b-v13-gwd,,28658,27341820500.176716,eval/holdout_en_bpb,0.9729376087497809
en-de__unigram_destarved__100b-v13-gwd,en-de__unigram_destarved__100b,en-de__unigram_destarved__100b-v13-gwd,,29167,27827443594.411835,eval/flores_de_bpb,1.0557141341738203
en-de__unigram_destarved__100b-v13-gwd,en-de__unigram_destarved__100b,en-de__unigram_destarved__100b-v13-gwd,,29167,27827443594.411835,eval/flores_en_bpb,1.1956015576151215
en-de__unigram_destarved__100b-v13-gwd,en-de__unigram_destarved__100b,en-de__unigram_destarved__100b-v13-gwd,,29167,27827443594.411835,eval/holdout_de_bpb,0.937970374003179
en-de__unigram_destarved__100b-v13-gwd,en-de__unigram_destarved__100b,en-de__unigram_destarved__100b-v13-gwd,,29167,27827443594.411835,eval/holdout_en_bpb,0.9886842219901262
en-de__unigram_destarved__100b-v13-gwd,en-de__unigram_destarved__100b,en-de__unigram_destarved__100b-v13-gwd,,29676,28313066688.64695,eval/flores_de_bpb,1.0709825022148478
en-de__unigram_destarved__100b-v13-gwd,en-de__unigram_destarved__100b,en-de__unigram_destarved__100b-v13-gwd,,29676,28313066688.64695,eval/flores_en_bpb,1.1915426015813408
en-de__unigram_destarved__100b-v13-gwd,en-de__unigram_destarved__100b,en-de__unigram_destarved__100b-v13-gwd,,29676,28313066688.64695,eval/holdout_de_bpb,0.9405109655799966
en-de__unigram_destarved__100b-v13-gwd,en-de__unigram_destarved__100b,en-de__unigram_destarved__100b-v13-gwd,,29676,28313066688.64695,eval/holdout_en_bpb,0.985495991871786
en-de__unigram_destarved__100b-v13-gwd,en-de__unigram_destarved__100b,en-de__unigram_destarved__100b-v13-gwd,,30185,28798689782.882065,eval/flores_de_bpb,1.052684695393424
en-de__unigram_destarved__100b-v13-gwd,en-de__unigram_destarved__100b,en-de__unigram_destarved__100b-v13-gwd,,30185,28798689782.882065,eval/flores_en_bpb,1.176324615646822
en-de__unigram_destarved__100b-v13-gwd,en-de__unigram_destarved__100b,en-de__unigram_destarved__100b-v13-gwd,,30185,28798689782.882065,eval/holdout_de_bpb,0.9351637893038061
en-de__unigram_destarved__100b-v13-gwd,en-de__unigram_destarved__100b,en-de__unigram_destarved__100b-v13-gwd,,30185,28798689782.882065,eval/holdout_en_bpb,0.9802408292439272
en-de__unigram_destarved__100b-v13-gwd,en-de__unigram_destarved__100b,en-de__unigram_destarved__100b-v13-gwd,,30694,29284312877.11718,eval/flores_de_bpb,1.0860619151416364
en-de__unigram_destarved__100b-v13-gwd,en-de__unigram_destarved__100b,en-de__unigram_destarved__100b-v13-gwd,,30694,29284312877.11718,eval/flores_en_bpb,1.2118695627446994
en-de__unigram_destarved__100b-v13-gwd,en-de__unigram_destarved__100b,en-de__unigram_destarved__100b-v13-gwd,,30694,29284312877.11718,eval/holdout_de_bpb,0.9553330457958363
en-de__unigram_destarved__100b-v13-gwd,en-de__unigram_destarved__100b,en-de__unigram_destarved__100b-v13-gwd,,30694,29284312877.11718,eval/holdout_en_bpb,1.0052676608650297
en-de__unigram_destarved__100b-v13-gwd,en-de__unigram_destarved__100b,en-de__unigram_destarved__100b-v13-gwd,,31203,29769935971.352295,eval/flores_de_bpb,1.0558540132933651
en-de__unigram_destarved__100b-v13-gwd,en-de__unigram_destarved__100b,en-de__unigram_destarved__100b-v13-gwd,,31203,29769935971.352295,eval/flores_en_bpb,1.1807954218688552
en-de__unigram_destarved__100b-v13-gwd,en-de__unigram_destarved__100b,en-de__unigram_destarved__100b-v13-gwd,,31203,29769935971.352295,eval/holdout_de_bpb,0.9434476885231756
en-de__unigram_destarved__100b-v13-gwd,en-de__unigram_destarved__100b,en-de__unigram_destarved__100b-v13-gwd,,31203,29769935971.352295,eval/holdout_en_bpb,0.9913219474058902
en-de__unigram_destarved__100b-v13-gwd,en-de__unigram_destarved__100b,en-de__unigram_destarved__100b-v13-gwd,,33238,31711474275.41607,eval/flores_de_bpb,1.17153978392892
en-de__unigram_destarved__100b-v13-gwd,en-de__unigram_destarved__100b,en-de__unigram_destarved__100b-v13-gwd,,33238,31711474275.41607,eval/flores_en_bpb,1.3050668269857575
en-de__unigram_destarved__100b-v13-gwd,en-de__unigram_destarved__100b,en-de__unigram_destarved__100b-v13-gwd,,33238,31711474275.41607,eval/holdout_de_bpb,1.0376486518375085
en-de__unigram_destarved__100b-v13-gwd,en-de__unigram_destarved__100b,en-de__unigram_destarved__100b-v13-gwd,,33238,31711474275.41607,eval/holdout_en_bpb,1.0966568280275626
en-de__unigram_destarved__100b-v3,en-de__unigram_destarved__100b,en-de__unigram_destarved__100b-v3,,26112,24721015653.386715,eval/flores_de_bpb,1.037195263925053
en-de__unigram_destarved__100b-v3,en-de__unigram_destarved__100b,en-de__unigram_destarved__100b-v3,,26112,24721015653.386715,eval/flores_en_bpb,1.1814924881237336
en-de__unigram_destarved__100b-v3,en-de__unigram_destarved__100b,en-de__unigram_destarved__100b-v3,,26112,24721015653.386715,eval/holdout_de_bpb,0.9252527986240754
en-de__unigram_destarved__100b-v3,en-de__unigram_destarved__100b,en-de__unigram_destarved__100b-v3,,26112,24721015653.386715,eval/holdout_en_bpb,0.9756510985597032
en-de__unigram_destarved__100b-v6,en-de__unigram_destarved__100b,en-de__unigram_destarved__100b-v6,,24586,23288933374.7504,eval/flores_de_bpb,0.9956956377439061
en-de__unigram_destarved__100b-v6,en-de__unigram_destarved__100b,en-de__unigram_destarved__100b-v6,,24586,23288933374.7504,eval/flores_en_bpb,1.1201295347685045
en-de__unigram_destarved__100b-v6,en-de__unigram_destarved__100b,en-de__unigram_destarved__100b-v6,,24586,23288933374.7504,eval/holdout_de_bpb,0.8757190365936909
en-de__unigram_destarved__100b-v6,en-de__unigram_destarved__100b,en-de__unigram_destarved__100b-v6,,24586,23288933374.7504,eval/holdout_en_bpb,0.9200297995879416
en-de__unigram_destarved__100b-v6,en-de__unigram_destarved__100b,en-de__unigram_destarved__100b-v6,,25095,23771080413.21733,eval/flores_de_bpb,1.0008053886218602
en-de__unigram_destarved__100b-v6,en-de__unigram_destarved__100b,en-de__unigram_destarved__100b-v6,,25095,23771080413.21733,eval/flores_en_bpb,1.129156203583264
en-de__unigram_destarved__100b-v6,en-de__unigram_destarved__100b,en-de__unigram_destarved__100b-v6,,25095,23771080413.21733,eval/holdout_de_bpb,0.8760655837615229
en-de__unigram_destarved__100b-v6,en-de__unigram_destarved__100b,en-de__unigram_destarved__100b-v6,,25095,23771080413.21733,eval/holdout_en_bpb,0.9217975818175325
en-de__unigram_destarved__100b-v6,en-de__unigram_destarved__100b,en-de__unigram_destarved__100b-v6,,25604,24253227451.68426,eval/flores_de_bpb,1.0099442339014415
en-de__unigram_destarved__100b-v6,en-de__unigram_destarved__100b,en-de__unigram_destarved__100b-v6,,25604,24253227451.68426,eval/flores_en_bpb,1.1481990865720648
en-de__unigram_destarved__100b-v6,en-de__unigram_destarved__100b,en-de__unigram_destarved__100b-v6,,25604,24253227451.68426,eval/holdout_de_bpb,0.895936720304152
en-de__unigram_destarved__100b-v6,en-de__unigram_destarved__100b,en-de__unigram_destarved__100b-v6,,25604,24253227451.68426,eval/holdout_en_bpb,0.9433061103838853
en-de__unigram_destarved__100b-v6,en-de__unigram_destarved__100b,en-de__unigram_destarved__100b-v6,,26113,24735374490.15119,eval/flores_de_bpb,1.0220825955945048
en-de__unigram_destarved__100b-v6,en-de__unigram_destarved__100b,en-de__unigram_destarved__100b-v6,,26113,24735374490.15119,eval/flores_en_bpb,1.1664759673143186
en-de__unigram_destarved__100b-v6,en-de__unigram_destarved__100b,en-de__unigram_destarved__100b-v6,,26113,24735374490.15119,eval/holdout_de_bpb,0.9106536692073328
en-de__unigram_destarved__100b-v6,en-de__unigram_destarved__100b,en-de__unigram_destarved__100b-v6,,26113,24735374490.15119,eval/holdout_en_bpb,0.9628400288001203
en-de__unigram_destarved__100b-v6,en-de__unigram_destarved__100b,en-de__unigram_destarved__100b-v6,,26622,25217521528.618122,eval/flores_de_bpb,1.036746754925787
en-de__unigram_destarved__100b-v6,en-de__unigram_destarved__100b,en-de__unigram_destarved__100b-v6,,26622,25217521528.618122,eval/flores_en_bpb,1.168024555190253
en-de__unigram_destarved__100b-v6,en-de__unigram_destarved__100b,en-de__unigram_destarved__100b-v6,,26622,25217521528.618122,eval/holdout_de_bpb,0.9233036394185585
en-de__unigram_destarved__100b-v6,en-de__unigram_destarved__100b,en-de__unigram_destarved__100b-v6,,26622,25217521528.618122,eval/holdout_en_bpb,0.9718628926995502
en-de__unigram_destarved__100b-v7,en-de__unigram_destarved__100b,en-de__unigram_destarved__100b-v7,,27131,25760144409.505676,eval/flores_de_bpb,1.0257668085232778
en-de__unigram_destarved__100b-v7,en-de__unigram_destarved__100b,en-de__unigram_destarved__100b-v7,,27131,25760144409.505676,eval/flores_en_bpb,1.1642885131365743
en-de__unigram_destarved__100b-v7,en-de__unigram_destarved__100b,en-de__unigram_destarved__100b-v7,,27131,25760144409.505676,eval/holdout_de_bpb,0.908953585587817
en-de__unigram_destarved__100b-v7,en-de__unigram_destarved__100b,en-de__unigram_destarved__100b-v7,,27131,25760144409.505676,eval/holdout_en_bpb,0.9570955532680111
en-de__unigram_destarved__100b-v7,en-de__unigram_destarved__100b,en-de__unigram_destarved__100b-v7,,27640,26243426024.795876,eval/flores_de_bpb,1.0437704745460377
en-de__unigram_destarved__100b-v7,en-de__unigram_destarved__100b,en-de__unigram_destarved__100b-v7,,27640,26243426024.795876,eval/flores_en_bpb,1.170563618136583
en-de__unigram_destarved__100b-v7,en-de__unigram_destarved__100b,en-de__unigram_destarved__100b-v7,,27640,26243426024.795876,eval/holdout_de_bpb,0.9219501741838213
en-de__unigram_destarved__100b-v7,en-de__unigram_destarved__100b,en-de__unigram_destarved__100b-v7,,27640,26243426024.795876,eval/holdout_en_bpb,0.9698558340292798
en-de__unigram_destarved__100b-v9,en-de__unigram_destarved__100b,en-de__unigram_destarved__100b-v9,,28149,26760609271.948826,eval/flores_de_bpb,1.036693485551429
en-de__unigram_destarved__100b-v9,en-de__unigram_destarved__100b,en-de__unigram_destarved__100b-v9,,28149,26760609271.948826,eval/flores_en_bpb,1.1684347659990817
en-de__unigram_destarved__100b-v9,en-de__unigram_destarved__100b,en-de__unigram_destarved__100b-v9,,28149,26760609271.948826,eval/holdout_de_bpb,0.9149304458385512
en-de__unigram_destarved__100b-v9,en-de__unigram_destarved__100b,en-de__unigram_destarved__100b-v9,,28149,26760609271.948826,eval/holdout_en_bpb,0.9626542056923085
en-de__unigram_destarved__100b-v9,en-de__unigram_destarved__100b,en-de__unigram_destarved__100b-v9,,28658,27244503908.327454,eval/flores_de_bpb,1.0663286456882346
en-de__unigram_destarved__100b-v9,en-de__unigram_destarved__100b,en-de__unigram_destarved__100b-v9,,28658,27244503908.327454,eval/flores_en_bpb,1.2067367704073777
en-de__unigram_destarved__100b-v9,en-de__unigram_destarved__100b,en-de__unigram_destarved__100b-v9,,28658,27244503908.327454,eval/holdout_de_bpb,0.9446032631999111
en-de__unigram_destarved__100b-v9,en-de__unigram_destarved__100b,en-de__unigram_destarved__100b-v9,,28658,27244503908.327454,eval/holdout_en_bpb,0.9965184174190843
en-de__unigram_starved__100b-v11-noramp15e4,en-de__unigram_starved__100b,en-de__unigram_starved__100b-v11-noramp15e4,,24514,23295218415.291245,eval/flores_de_bpb,1.0291525742625902
en-de__unigram_starved__100b-v11-noramp15e4,en-de__unigram_starved__100b,en-de__unigram_starved__100b-v11-noramp15e4,,24514,23295218415.291245,eval/flores_en_bpb,1.148530278453678
en-de__unigram_starved__100b-v11-noramp15e4,en-de__unigram_starved__100b,en-de__unigram_starved__100b-v11-noramp15e4,,24514,23295218415.291245,eval/holdout_de_bpb,0.9324920990972427
en-de__unigram_starved__100b-v11-noramp15e4,en-de__unigram_starved__100b,en-de__unigram_starved__100b-v11-noramp15e4,,24514,23295218415.291245,eval/holdout_en_bpb,0.9665382908344847
en-de__unigram_starved__100b-v11-noramp15e4,en-de__unigram_starved__100b,en-de__unigram_starved__100b-v11-noramp15e4,,25023,23778912066.812138,eval/flores_de_bpb,1.0353369775752306
en-de__unigram_starved__100b-v11-noramp15e4,en-de__unigram_starved__100b,en-de__unigram_starved__100b-v11-noramp15e4,,25023,23778912066.812138,eval/flores_en_bpb,1.1541605799028096
en-de__unigram_starved__100b-v11-noramp15e4,en-de__unigram_starved__100b,en-de__unigram_starved__100b-v11-noramp15e4,,25023,23778912066.812138,eval/holdout_de_bpb,0.931712455349418
en-de__unigram_starved__100b-v11-noramp15e4,en-de__unigram_starved__100b,en-de__unigram_starved__100b-v11-noramp15e4,,25023,23778912066.812138,eval/holdout_en_bpb,0.9648425067902807
en-de__unigram_starved__100b-v11-noramp15e4,en-de__unigram_starved__100b,en-de__unigram_starved__100b-v11-noramp15e4,,25532,24262605718.333035,eval/flores_de_bpb,1.039168316755318
en-de__unigram_starved__100b-v11-noramp15e4,en-de__unigram_starved__100b,en-de__unigram_starved__100b-v11-noramp15e4,,25532,24262605718.333035,eval/flores_en_bpb,1.1613796054103196
en-de__unigram_starved__100b-v11-noramp15e4,en-de__unigram_starved__100b,en-de__unigram_starved__100b-v11-noramp15e4,,25532,24262605718.333035,eval/holdout_de_bpb,0.9348247247301692
en-de__unigram_starved__100b-v11-noramp15e4,en-de__unigram_starved__100b,en-de__unigram_starved__100b-v11-noramp15e4,,25532,24262605718.333035,eval/holdout_en_bpb,0.9676137953039434
en-de__unigram_starved__100b-v11-noramp15e4,en-de__unigram_starved__100b,en-de__unigram_starved__100b-v11-noramp15e4,,26041,24746299369.85393,eval/flores_de_bpb,1.045254637477408
en-de__unigram_starved__100b-v11-noramp15e4,en-de__unigram_starved__100b,en-de__unigram_starved__100b-v11-noramp15e4,,26041,24746299369.85393,eval/flores_en_bpb,1.159117313969693
en-de__unigram_starved__100b-v11-noramp15e4,en-de__unigram_starved__100b,en-de__unigram_starved__100b-v11-noramp15e4,,26041,24746299369.85393,eval/holdout_de_bpb,0.9421111328541416
en-de__unigram_starved__100b-v11-noramp15e4,en-de__unigram_starved__100b,en-de__unigram_starved__100b-v11-noramp15e4,,26041,24746299369.85393,eval/holdout_en_bpb,0.9727085438637929
en-de__unigram_starved__100b-v11-noramp15e4,en-de__unigram_starved__100b,en-de__unigram_starved__100b-v11-noramp15e4,,26550,25229993021.37483,eval/flores_de_bpb,1.061262384491244
en-de__unigram_starved__100b-v11-noramp15e4,en-de__unigram_starved__100b,en-de__unigram_starved__100b-v11-noramp15e4,,26550,25229993021.37483,eval/flores_en_bpb,1.1778225236466484
en-de__unigram_starved__100b-v11-noramp15e4,en-de__unigram_starved__100b,en-de__unigram_starved__100b-v11-noramp15e4,,26550,25229993021.37483,eval/holdout_de_bpb,0.9565439024629814
en-de__unigram_starved__100b-v11-noramp15e4,en-de__unigram_starved__100b,en-de__unigram_starved__100b-v11-noramp15e4,,26550,25229993021.37483,eval/holdout_en_bpb,0.9893439085647624
en-de__unigram_starved__100b-v11-noramp15e4,en-de__unigram_starved__100b,en-de__unigram_starved__100b-v11-noramp15e4,,27059,25713686672.89572,eval/flores_de_bpb,1.0652025507595182
en-de__unigram_starved__100b-v11-noramp15e4,en-de__unigram_starved__100b,en-de__unigram_starved__100b-v11-noramp15e4,,27059,25713686672.89572,eval/flores_en_bpb,1.184045914324211
en-de__unigram_starved__100b-v11-noramp15e4,en-de__unigram_starved__100b,en-de__unigram_starved__100b-v11-noramp15e4,,27059,25713686672.89572,eval/holdout_de_bpb,0.966824062395183
en-de__unigram_starved__100b-v11-noramp15e4,en-de__unigram_starved__100b,en-de__unigram_starved__100b-v11-noramp15e4,,27059,25713686672.89572,eval/holdout_en_bpb,0.9951121597464685
en-de__unigram_starved__100b-v12-nd,en-de__unigram_starved__100b,en-de__unigram_starved__100b-v12-nd,,27568,26252933307.380592,eval/flores_de_bpb,1.1187271366656886
en-de__unigram_starved__100b-v12-nd,en-de__unigram_starved__100b,en-de__unigram_starved__100b-v12-nd,,27568,26252933307.380592,eval/flores_en_bpb,1.23828073233031
en-de__unigram_starved__100b-v12-nd,en-de__unigram_starved__100b,en-de__unigram_starved__100b-v12-nd,,27568,26252933307.380592,eval/holdout_de_bpb,1.0002536042162893
en-de__unigram_starved__100b-v12-nd,en-de__unigram_starved__100b,en-de__unigram_starved__100b-v12-nd,,27568,26252933307.380592,eval/holdout_en_bpb,1.0321908156588657
en-de__unigram_starved__100b-v13-gwd,en-de__unigram_starved__100b,en-de__unigram_starved__100b-v13-gwd,,28077,26850083657.114906,eval/flores_de_bpb,1.1100840817332074
en-de__unigram_starved__100b-v13-gwd,en-de__unigram_starved__100b,en-de__unigram_starved__100b-v13-gwd,,28077,26850083657.114906,eval/flores_en_bpb,1.2387980244078223
en-de__unigram_starved__100b-v13-gwd,en-de__unigram_starved__100b,en-de__unigram_starved__100b-v13-gwd,,28077,26850083657.114906,eval/holdout_de_bpb,1.002364993115109
en-de__unigram_starved__100b-v13-gwd,en-de__unigram_starved__100b,en-de__unigram_starved__100b-v13-gwd,,28077,26850083657.114906,eval/holdout_en_bpb,1.0355698121089207
en-de__unigram_starved__100b-v13-gwd,en-de__unigram_starved__100b,en-de__unigram_starved__100b-v13-gwd,,28586,27336841237.39312,eval/flores_de_bpb,1.1192211545577597
en-de__unigram_starved__100b-v13-gwd,en-de__unigram_starved__100b,en-de__unigram_starved__100b-v13-gwd,,28586,27336841237.39312,eval/flores_en_bpb,1.256880546278374
en-de__unigram_starved__100b-v13-gwd,en-de__unigram_starved__100b,en-de__unigram_starved__100b-v13-gwd,,28586,27336841237.39312,eval/holdout_de_bpb,1.0161660602274218
en-de__unigram_starved__100b-v13-gwd,en-de__unigram_starved__100b,en-de__unigram_starved__100b-v13-gwd,,28586,27336841237.39312,eval/holdout_en_bpb,1.0504075560572594
en-de__unigram_starved__100b-v13-gwd,en-de__unigram_starved__100b,en-de__unigram_starved__100b-v13-gwd,,29095,27823598817.671337,eval/flores_de_bpb,1.1274275080267524
en-de__unigram_starved__100b-v13-gwd,en-de__unigram_starved__100b,en-de__unigram_starved__100b-v13-gwd,,29095,27823598817.671337,eval/flores_en_bpb,1.2550107238921542
en-de__unigram_starved__100b-v13-gwd,en-de__unigram_starved__100b,en-de__unigram_starved__100b-v13-gwd,,29095,27823598817.671337,eval/holdout_de_bpb,1.0246817938962811
en-de__unigram_starved__100b-v13-gwd,en-de__unigram_starved__100b,en-de__unigram_starved__100b-v13-gwd,,29095,27823598817.671337,eval/holdout_en_bpb,1.051235394137692
en-de__unigram_starved__100b-v13-gwd,en-de__unigram_starved__100b,en-de__unigram_starved__100b-v13-gwd,,29604,28310356397.949554,eval/flores_de_bpb,1.1346625455047323
en-de__unigram_starved__100b-v13-gwd,en-de__unigram_starved__100b,en-de__unigram_starved__100b-v13-gwd,,29604,28310356397.949554,eval/flores_en_bpb,1.249422347041879
en-de__unigram_starved__100b-v13-gwd,en-de__unigram_starved__100b,en-de__unigram_starved__100b-v13-gwd,,29604,28310356397.949554,eval/holdout_de_bpb,1.0312395469998037
en-de__unigram_starved__100b-v13-gwd,en-de__unigram_starved__100b,en-de__unigram_starved__100b-v13-gwd,,29604,28310356397.949554,eval/holdout_en_bpb,1.0569617450966542
en-de__unigram_starved__100b-v13-gwd,en-de__unigram_starved__100b,en-de__unigram_starved__100b-v13-gwd,,30113,28797113978.22777,eval/flores_de_bpb,1.1349399567757916
en-de__unigram_starved__100b-v13-gwd,en-de__unigram_starved__100b,en-de__unigram_starved__100b-v13-gwd,,30113,28797113978.22777,eval/flores_en_bpb,1.269142608866383
en-de__unigram_starved__100b-v13-gwd,en-de__unigram_starved__100b,en-de__unigram_starved__100b-v13-gwd,,30113,28797113978.22777,eval/holdout_de_bpb,1.0261518301869266
en-de__unigram_starved__100b-v13-gwd,en-de__unigram_starved__100b,en-de__unigram_starved__100b-v13-gwd,,30113,28797113978.22777,eval/holdout_en_bpb,1.0593195140929508
en-de__unigram_starved__100b-v13-gwd,en-de__unigram_starved__100b,en-de__unigram_starved__100b-v13-gwd,,30622,29283871558.50599,eval/flores_de_bpb,1.2393425934476774
en-de__unigram_starved__100b-v13-gwd,en-de__unigram_starved__100b,en-de__unigram_starved__100b-v13-gwd,,30622,29283871558.50599,eval/flores_en_bpb,1.3817950441408753
en-de__unigram_starved__100b-v13-gwd,en-de__unigram_starved__100b,en-de__unigram_starved__100b-v13-gwd,,30622,29283871558.50599,eval/holdout_de_bpb,1.136106522240844
en-de__unigram_starved__100b-v13-gwd,en-de__unigram_starved__100b,en-de__unigram_starved__100b-v13-gwd,,30622,29283871558.50599,eval/holdout_en_bpb,1.1747173449160715
en-de__unigram_starved__100b-v13-gwd,en-de__unigram_starved__100b,en-de__unigram_starved__100b-v13-gwd,,31131,29770629138.784203,eval/flores_de_bpb,1.2461044137772366
en-de__unigram_starved__100b-v13-gwd,en-de__unigram_starved__100b,en-de__unigram_starved__100b-v13-gwd,,31131,29770629138.784203,eval/flores_en_bpb,1.3907457949679956
en-de__unigram_starved__100b-v13-gwd,en-de__unigram_starved__100b,en-de__unigram_starved__100b-v13-gwd,,31131,29770629138.784203,eval/holdout_de_bpb,1.1341885811412087
en-de__unigram_starved__100b-v13-gwd,en-de__unigram_starved__100b,en-de__unigram_starved__100b-v13-gwd,,31131,29770629138.784203,eval/holdout_en_bpb,1.1792356238643726
en-de__unigram_starved__100b-v13-gwd,en-de__unigram_starved__100b,en-de__unigram_starved__100b-v13-gwd,,33166,31716703158.167645,eval/flores_de_bpb,1.2447628169876321
en-de__unigram_starved__100b-v13-gwd,en-de__unigram_starved__100b,en-de__unigram_starved__100b-v13-gwd,,33166,31716703158.167645,eval/flores_en_bpb,1.383419406362079
en-de__unigram_starved__100b-v13-gwd,en-de__unigram_starved__100b,en-de__unigram_starved__100b-v13-gwd,,33166,31716703158.167645,eval/holdout_de_bpb,1.1302008575916456
en-de__unigram_starved__100b-v13-gwd,en-de__unigram_starved__100b,en-de__unigram_starved__100b-v13-gwd,,33166,31716703158.167645,eval/holdout_en_bpb,1.1738968477105238
en-de__unigram_starved__100b-v13-gwd,en-de__unigram_starved__100b,en-de__unigram_starved__100b-v13-gwd,,35201,33662777177.551083,eval/flores_de_bpb,1.2705631348347972
en-de__unigram_starved__100b-v13-gwd,en-de__unigram_starved__100b,en-de__unigram_starved__100b-v13-gwd,,35201,33662777177.551083,eval/flores_en_bpb,1.4159892924732116
en-de__unigram_starved__100b-v13-gwd,en-de__unigram_starved__100b,en-de__unigram_starved__100b-v13-gwd,,35201,33662777177.551083,eval/holdout_de_bpb,1.1666201861724084
en-de__unigram_starved__100b-v13-gwd,en-de__unigram_starved__100b,en-de__unigram_starved__100b-v13-gwd,,35201,33662777177.551083,eval/holdout_en_bpb,1.2108969459005272
en-de__unigram_starved__100b-v6,en-de__unigram_starved__100b,en-de__unigram_starved__100b-v6,,24514,23286988760.495335,eval/flores_de_bpb,1.0206683418381812
en-de__unigram_starved__100b-v6,en-de__unigram_starved__100b,en-de__unigram_starved__100b-v6,,24514,23286988760.495335,eval/flores_en_bpb,1.1432092192986976
en-de__unigram_starved__100b-v6,en-de__unigram_starved__100b,en-de__unigram_starved__100b-v6,,24514,23286988760.495335,eval/holdout_de_bpb,0.9219930728778841
en-de__unigram_starved__100b-v6,en-de__unigram_starved__100b,en-de__unigram_starved__100b-v6,,24514,23286988760.495335,eval/holdout_en_bpb,0.9560250619962744
en-de__unigram_starved__100b-v6,en-de__unigram_starved__100b,en-de__unigram_starved__100b-v6,,25023,23770511534.383404,eval/flores_de_bpb,1.0300879429742418
en-de__unigram_starved__100b-v6,en-de__unigram_starved__100b,en-de__unigram_starved__100b-v6,,25023,23770511534.383404,eval/flores_en_bpb,1.1517344556064157
en-de__unigram_starved__100b-v6,en-de__unigram_starved__100b,en-de__unigram_starved__100b-v6,,25023,23770511534.383404,eval/holdout_de_bpb,0.9261235033338715
en-de__unigram_starved__100b-v6,en-de__unigram_starved__100b,en-de__unigram_starved__100b-v6,,25023,23770511534.383404,eval/holdout_en_bpb,0.9602979412106847
en-de__unigram_starved__100b-v6,en-de__unigram_starved__100b,en-de__unigram_starved__100b-v6,,25532,24254034308.271473,eval/flores_de_bpb,1.0474366186647608
en-de__unigram_starved__100b-v6,en-de__unigram_starved__100b,en-de__unigram_starved__100b-v6,,25532,24254034308.271473,eval/flores_en_bpb,1.1697813455543296
en-de__unigram_starved__100b-v6,en-de__unigram_starved__100b,en-de__unigram_starved__100b-v6,,25532,24254034308.271473,eval/holdout_de_bpb,0.9444753234332491
en-de__unigram_starved__100b-v6,en-de__unigram_starved__100b,en-de__unigram_starved__100b-v6,,25532,24254034308.271473,eval/holdout_en_bpb,0.9790171856701475
en-de__unigram_starved__100b-v6,en-de__unigram_starved__100b,en-de__unigram_starved__100b-v6,,26041,24737557082.159542,eval/flores_de_bpb,1.0777786343927318
en-de__unigram_starved__100b-v6,en-de__unigram_starved__100b,en-de__unigram_starved__100b-v6,,26041,24737557082.159542,eval/flores_en_bpb,1.1900899317118623
en-de__unigram_starved__100b-v6,en-de__unigram_starved__100b,en-de__unigram_starved__100b-v6,,26041,24737557082.159542,eval/holdout_de_bpb,0.9761427259049166
en-de__unigram_starved__100b-v6,en-de__unigram_starved__100b,en-de__unigram_starved__100b-v6,,26041,24737557082.159542,eval/holdout_en_bpb,1.0096790701971954
en-de__unigram_starved__100b-v6,en-de__unigram_starved__100b,en-de__unigram_starved__100b-v6,,26550,25221079856.04761,eval/flores_de_bpb,1.1045830833927555
en-de__unigram_starved__100b-v6,en-de__unigram_starved__100b,en-de__unigram_starved__100b-v6,,26550,25221079856.04761,eval/flores_en_bpb,1.2237912321747453
en-de__unigram_starved__100b-v6,en-de__unigram_starved__100b,en-de__unigram_starved__100b-v6,,26550,25221079856.04761,eval/holdout_de_bpb,1.0067408665073672
en-de__unigram_starved__100b-v6,en-de__unigram_starved__100b,en-de__unigram_starved__100b-v6,,26550,25221079856.04761,eval/holdout_en_bpb,1.0421701436482276
en-de__unigram_starved__100b-v7,en-de__unigram_starved__100b,en-de__unigram_starved__100b-v7,,27059,25760528690.670216,eval/flores_de_bpb,1.099247293042159
en-de__unigram_starved__100b-v7,en-de__unigram_starved__100b,en-de__unigram_starved__100b-v7,,27059,25760528690.670216,eval/flores_en_bpb,1.229528204058691
en-de__unigram_starved__100b-v7,en-de__unigram_starved__100b,en-de__unigram_starved__100b-v7,,27059,25760528690.670216,eval/holdout_de_bpb,0.991268693876286
en-de__unigram_starved__100b-v7,en-de__unigram_starved__100b,en-de__unigram_starved__100b-v7,,27059,25760528690.670216,eval/holdout_en_bpb,1.02695607585438
en-de__unigram_starved__100b-v7,en-de__unigram_starved__100b,en-de__unigram_starved__100b-v7,,27568,26245103475.531116,eval/flores_de_bpb,1.118494857457021
en-de__unigram_starved__100b-v7,en-de__unigram_starved__100b,en-de__unigram_starved__100b-v7,,27568,26245103475.531116,eval/flores_en_bpb,1.2452098212791345
en-de__unigram_starved__100b-v7,en-de__unigram_starved__100b,en-de__unigram_starved__100b-v7,,27568,26245103475.531116,eval/holdout_de_bpb,1.02091861908455
en-de__unigram_starved__100b-v7,en-de__unigram_starved__100b,en-de__unigram_starved__100b-v7,,27568,26245103475.531116,eval/holdout_en_bpb,1.0567400584932491
en-de__unigram_starved__100b-v9,en-de__unigram_starved__100b,en-de__unigram_starved__100b-v9,,28077,26753476363.30007,eval/flores_de_bpb,1.1541358912034785
en-de__unigram_starved__100b-v9,en-de__unigram_starved__100b,en-de__unigram_starved__100b-v9,,28077,26753476363.30007,eval/flores_en_bpb,1.3600772864864392
en-de__unigram_starved__100b-v9,en-de__unigram_starved__100b,en-de__unigram_starved__100b-v9,,28077,26753476363.30007,eval/holdout_de_bpb,1.0229299364204896
en-de__unigram_starved__100b-v9,en-de__unigram_starved__100b,en-de__unigram_starved__100b-v9,,28077,26753476363.30007,eval/holdout_en_bpb,1.0618264749638164
en-de__unigram_starved__100b-v9-3e3wdramp,en-de__unigram_starved__100b,en-de__unigram_starved__100b-v9-3e3wdramp,,24514,23266666436.539494,eval/flores_de_bpb,1.0206349565109376
en-de__unigram_starved__100b-v9-3e3wdramp,en-de__unigram_starved__100b,en-de__unigram_starved__100b-v9-3e3wdramp,,24514,23266666436.539494,eval/flores_en_bpb,1.1426876960965688
en-de__unigram_starved__100b-v9-3e3wdramp,en-de__unigram_starved__100b,en-de__unigram_starved__100b-v9-3e3wdramp,,24514,23266666436.539494,eval/holdout_de_bpb,0.9220359459668062
en-de__unigram_starved__100b-v9-3e3wdramp,en-de__unigram_starved__100b,en-de__unigram_starved__100b-v9-3e3wdramp,,24514,23266666436.539494,eval/holdout_en_bpb,0.9560510848636419
en-de__unigram_starved__100b-v9-3e3wdramp,en-de__unigram_starved__100b,en-de__unigram_starved__100b-v9-3e3wdramp,,25023,23749767244.902004,eval/flores_de_bpb,1.0278269193210654
en-de__unigram_starved__100b-v9-3e3wdramp,en-de__unigram_starved__100b,en-de__unigram_starved__100b-v9-3e3wdramp,,25023,23749767244.902004,eval/flores_en_bpb,1.149072418357821
en-de__unigram_starved__100b-v9-3e3wdramp,en-de__unigram_starved__100b,en-de__unigram_starved__100b-v9-3e3wdramp,,25023,23749767244.902004,eval/holdout_de_bpb,0.9253852239522475
en-de__unigram_starved__100b-v9-3e3wdramp,en-de__unigram_starved__100b,en-de__unigram_starved__100b-v9-3e3wdramp,,25023,23749767244.902004,eval/holdout_en_bpb,0.959622942840672
probe_lr2e3__en-ar__unigram_starved__100b,probe_lr2e3__en-ar__unigram_starved__100b,probe_lr2e3__en-ar__unigram_starved__100b,,26478,25253227233.65492,eval/flores_ar_bpb,0.8983487356165578
probe_lr2e3__en-ar__unigram_starved__100b,probe_lr2e3__en-ar__unigram_starved__100b,probe_lr2e3__en-ar__unigram_starved__100b,,26478,25253227233.65492,eval/flores_en_bpb,1.2163700288182435
probe_lr2e3__en-ar__unigram_starved__100b,probe_lr2e3__en-ar__unigram_starved__100b,probe_lr2e3__en-ar__unigram_starved__100b,,26478,25253227233.65492,eval/holdout_ar_bpb,0.7760452247223043
probe_lr2e3__en-ar__unigram_starved__100b,probe_lr2e3__en-ar__unigram_starved__100b,probe_lr2e3__en-ar__unigram_starved__100b,,26478,25253227233.65492,eval/holdout_en_bpb,1.0172715904703094
