model,cond,pair,layer,n,seed,metric,value
en-ar-fair,fair,en-ar,0,2009,,top1_a2b,0.3867595818815331
en-ar-fair,fair,en-ar,0,2009,,top1_b2a,0.40169238427078147
en-ar-fair,fair,en-ar,0,2009,,mexa_mutual,0.3086112493777999
en-ar-fair,fair,en-ar,0,2009,,hungarian,0.4843205574912892
en-ar-fair,fair,en-ar,0,1000,0.0,top1_a2b,0.431
en-ar-fair,fair,en-ar,0,1000,0.0,top1_b2a,0.44
en-ar-fair,fair,en-ar,0,1000,0.0,mexa_mutual,0.343
en-ar-fair,fair,en-ar,0,1000,0.0,hungarian,0.562
en-ar-fair,fair,en-ar,0,1000,1.0,top1_a2b,0.436
en-ar-fair,fair,en-ar,0,1000,1.0,top1_b2a,0.459
en-ar-fair,fair,en-ar,0,1000,1.0,mexa_mutual,0.362
en-ar-fair,fair,en-ar,0,1000,1.0,hungarian,0.566
en-ar-fair,fair,en-ar,0,1000,2.0,top1_a2b,0.448
en-ar-fair,fair,en-ar,0,1000,2.0,top1_b2a,0.451
en-ar-fair,fair,en-ar,0,1000,2.0,mexa_mutual,0.355
en-ar-fair,fair,en-ar,0,1000,2.0,hungarian,0.566
en-ar-fair,fair,en-ar,0,1000,3.0,top1_a2b,0.45
en-ar-fair,fair,en-ar,0,1000,3.0,top1_b2a,0.456
en-ar-fair,fair,en-ar,0,1000,3.0,mexa_mutual,0.362
en-ar-fair,fair,en-ar,0,1000,3.0,hungarian,0.554
en-ar-fair,fair,en-ar,0,1000,4.0,top1_a2b,0.431
en-ar-fair,fair,en-ar,0,1000,4.0,top1_b2a,0.446
en-ar-fair,fair,en-ar,0,1000,4.0,mexa_mutual,0.345
en-ar-fair,fair,en-ar,0,1000,4.0,hungarian,0.549
en-ar-fair,fair,en-ar,1,2009,,top1_a2b,0.40816326530612246
en-ar-fair,fair,en-ar,1,2009,,top1_b2a,0.47834743653558986
en-ar-fair,fair,en-ar,1,2009,,mexa_mutual,0.27177700348432055
en-ar-fair,fair,en-ar,1,2009,,hungarian,0.8815331010452961
en-ar-fair,fair,en-ar,1,1000,0.0,top1_a2b,0.454
en-ar-fair,fair,en-ar,1,1000,0.0,top1_b2a,0.494
en-ar-fair,fair,en-ar,1,1000,0.0,mexa_mutual,0.3
en-ar-fair,fair,en-ar,1,1000,0.0,hungarian,0.916
en-ar-fair,fair,en-ar,1,1000,1.0,top1_a2b,0.438
en-ar-fair,fair,en-ar,1,1000,1.0,top1_b2a,0.503
en-ar-fair,fair,en-ar,1,1000,1.0,mexa_mutual,0.283
en-ar-fair,fair,en-ar,1,1000,1.0,hungarian,0.903
en-ar-fair,fair,en-ar,1,1000,2.0,top1_a2b,0.433
en-ar-fair,fair,en-ar,1,1000,2.0,top1_b2a,0.525
en-ar-fair,fair,en-ar,1,1000,2.0,mexa_mutual,0.296
en-ar-fair,fair,en-ar,1,1000,2.0,hungarian,0.905
en-ar-fair,fair,en-ar,1,1000,3.0,top1_a2b,0.454
en-ar-fair,fair,en-ar,1,1000,3.0,top1_b2a,0.525
en-ar-fair,fair,en-ar,1,1000,3.0,mexa_mutual,0.309
en-ar-fair,fair,en-ar,1,1000,3.0,hungarian,0.887
en-ar-fair,fair,en-ar,1,1000,4.0,top1_a2b,0.455
en-ar-fair,fair,en-ar,1,1000,4.0,top1_b2a,0.517
en-ar-fair,fair,en-ar,1,1000,4.0,mexa_mutual,0.311
en-ar-fair,fair,en-ar,1,1000,4.0,hungarian,0.917
en-ar-fair,fair,en-ar,2,2009,,top1_a2b,0.44947735191637633
en-ar-fair,fair,en-ar,2,2009,,top1_b2a,0.5380786460925834
en-ar-fair,fair,en-ar,2,2009,,mexa_mutual,0.30761572921851665
en-ar-fair,fair,en-ar,2,2009,,hungarian,0.9352911896465903
en-ar-fair,fair,en-ar,2,1000,0.0,top1_a2b,0.498
en-ar-fair,fair,en-ar,2,1000,0.0,top1_b2a,0.552
en-ar-fair,fair,en-ar,2,1000,0.0,mexa_mutual,0.335
en-ar-fair,fair,en-ar,2,1000,0.0,hungarian,0.966
en-ar-fair,fair,en-ar,2,1000,1.0,top1_a2b,0.494
en-ar-fair,fair,en-ar,2,1000,1.0,top1_b2a,0.566
en-ar-fair,fair,en-ar,2,1000,1.0,mexa_mutual,0.344
en-ar-fair,fair,en-ar,2,1000,1.0,hungarian,0.952
en-ar-fair,fair,en-ar,2,1000,2.0,top1_a2b,0.485
en-ar-fair,fair,en-ar,2,1000,2.0,top1_b2a,0.58
en-ar-fair,fair,en-ar,2,1000,2.0,mexa_mutual,0.34
en-ar-fair,fair,en-ar,2,1000,2.0,hungarian,0.966
en-ar-fair,fair,en-ar,2,1000,3.0,top1_a2b,0.479
en-ar-fair,fair,en-ar,2,1000,3.0,top1_b2a,0.57
en-ar-fair,fair,en-ar,2,1000,3.0,mexa_mutual,0.34
en-ar-fair,fair,en-ar,2,1000,3.0,hungarian,0.944
en-ar-fair,fair,en-ar,2,1000,4.0,top1_a2b,0.501
en-ar-fair,fair,en-ar,2,1000,4.0,top1_b2a,0.574
en-ar-fair,fair,en-ar,2,1000,4.0,mexa_mutual,0.354
en-ar-fair,fair,en-ar,2,1000,4.0,hungarian,0.951
en-ar-fair,fair,en-ar,3,2009,,top1_a2b,0.4335490293678447
en-ar-fair,fair,en-ar,3,2009,,top1_b2a,0.571926331508213
en-ar-fair,fair,en-ar,3,2009,,mexa_mutual,0.3230462916874067
en-ar-fair,fair,en-ar,3,2009,,hungarian,0.9487307117969139
en-ar-fair,fair,en-ar,3,1000,0.0,top1_a2b,0.499
en-ar-fair,fair,en-ar,3,1000,0.0,top1_b2a,0.587
en-ar-fair,fair,en-ar,3,1000,0.0,mexa_mutual,0.368
en-ar-fair,fair,en-ar,3,1000,0.0,hungarian,0.975
en-ar-fair,fair,en-ar,3,1000,1.0,top1_a2b,0.48
en-ar-fair,fair,en-ar,3,1000,1.0,top1_b2a,0.619
en-ar-fair,fair,en-ar,3,1000,1.0,mexa_mutual,0.36
en-ar-fair,fair,en-ar,3,1000,1.0,hungarian,0.974
en-ar-fair,fair,en-ar,3,1000,2.0,top1_a2b,0.463
en-ar-fair,fair,en-ar,3,1000,2.0,top1_b2a,0.61
en-ar-fair,fair,en-ar,3,1000,2.0,mexa_mutual,0.348
en-ar-fair,fair,en-ar,3,1000,2.0,hungarian,0.97
en-ar-fair,fair,en-ar,3,1000,3.0,top1_a2b,0.498
en-ar-fair,fair,en-ar,3,1000,3.0,top1_b2a,0.606
en-ar-fair,fair,en-ar,3,1000,3.0,mexa_mutual,0.386
en-ar-fair,fair,en-ar,3,1000,3.0,hungarian,0.954
en-ar-fair,fair,en-ar,3,1000,4.0,top1_a2b,0.48
en-ar-fair,fair,en-ar,3,1000,4.0,top1_b2a,0.597
en-ar-fair,fair,en-ar,3,1000,4.0,mexa_mutual,0.363
en-ar-fair,fair,en-ar,3,1000,4.0,hungarian,0.971
en-ar-fair,fair,en-ar,4,2009,,top1_a2b,0.49029367844698857
en-ar-fair,fair,en-ar,4,2009,,top1_b2a,0.6540567446490791
en-ar-fair,fair,en-ar,4,2009,,mexa_mutual,0.390741662518666
en-ar-fair,fair,en-ar,4,2009,,hungarian,0.9701343952215032
en-ar-fair,fair,en-ar,4,1000,0.0,top1_a2b,0.537
en-ar-fair,fair,en-ar,4,1000,0.0,top1_b2a,0.673
en-ar-fair,fair,en-ar,4,1000,0.0,mexa_mutual,0.429
en-ar-fair,fair,en-ar,4,1000,0.0,hungarian,0.985
en-ar-fair,fair,en-ar,4,1000,1.0,top1_a2b,0.522
en-ar-fair,fair,en-ar,4,1000,1.0,top1_b2a,0.707
en-ar-fair,fair,en-ar,4,1000,1.0,mexa_mutual,0.427
en-ar-fair,fair,en-ar,4,1000,1.0,hungarian,0.98
en-ar-fair,fair,en-ar,4,1000,2.0,top1_a2b,0.53
en-ar-fair,fair,en-ar,4,1000,2.0,top1_b2a,0.698
en-ar-fair,fair,en-ar,4,1000,2.0,mexa_mutual,0.426
en-ar-fair,fair,en-ar,4,1000,2.0,hungarian,0.973
en-ar-fair,fair,en-ar,4,1000,3.0,top1_a2b,0.547
en-ar-fair,fair,en-ar,4,1000,3.0,top1_b2a,0.685
en-ar-fair,fair,en-ar,4,1000,3.0,mexa_mutual,0.45
en-ar-fair,fair,en-ar,4,1000,3.0,hungarian,0.981
en-ar-fair,fair,en-ar,4,1000,4.0,top1_a2b,0.518
en-ar-fair,fair,en-ar,4,1000,4.0,top1_b2a,0.676
en-ar-fair,fair,en-ar,4,1000,4.0,mexa_mutual,0.417
en-ar-fair,fair,en-ar,4,1000,4.0,hungarian,0.986
en-ar-fair,fair,en-ar,5,2009,,top1_a2b,0.5863613738178198
en-ar-fair,fair,en-ar,5,2009,,top1_b2a,0.6809357889497263
en-ar-fair,fair,en-ar,5,2009,,mexa_mutual,0.4444997511199602
en-ar-fair,fair,en-ar,5,2009,,hungarian,0.9024390243902439
en-ar-fair,fair,en-ar,5,1000,0.0,top1_a2b,0.63
en-ar-fair,fair,en-ar,5,1000,0.0,top1_b2a,0.704
en-ar-fair,fair,en-ar,5,1000,0.0,mexa_mutual,0.471
en-ar-fair,fair,en-ar,5,1000,0.0,hungarian,0.921
en-ar-fair,fair,en-ar,5,1000,1.0,top1_a2b,0.629
en-ar-fair,fair,en-ar,5,1000,1.0,top1_b2a,0.711
en-ar-fair,fair,en-ar,5,1000,1.0,mexa_mutual,0.47
en-ar-fair,fair,en-ar,5,1000,1.0,hungarian,0.926
en-ar-fair,fair,en-ar,5,1000,2.0,top1_a2b,0.629
en-ar-fair,fair,en-ar,5,1000,2.0,top1_b2a,0.687
en-ar-fair,fair,en-ar,5,1000,2.0,mexa_mutual,0.474
en-ar-fair,fair,en-ar,5,1000,2.0,hungarian,0.917
en-ar-fair,fair,en-ar,5,1000,3.0,top1_a2b,0.629
en-ar-fair,fair,en-ar,5,1000,3.0,top1_b2a,0.711
en-ar-fair,fair,en-ar,5,1000,3.0,mexa_mutual,0.488
en-ar-fair,fair,en-ar,5,1000,3.0,hungarian,0.919
en-ar-fair,fair,en-ar,5,1000,4.0,top1_a2b,0.619
en-ar-fair,fair,en-ar,5,1000,4.0,top1_b2a,0.702
en-ar-fair,fair,en-ar,5,1000,4.0,mexa_mutual,0.466
en-ar-fair,fair,en-ar,5,1000,4.0,hungarian,0.915
en-ar-fair,fair,en-ar,6,2009,,top1_a2b,0.7426580388252862
en-ar-fair,fair,en-ar,6,2009,,top1_b2a,0.7869586859133898
en-ar-fair,fair,en-ar,6,2009,,mexa_mutual,0.5973120955699353
en-ar-fair,fair,en-ar,6,2009,,hungarian,0.9741164758586361
en-ar-fair,fair,en-ar,6,1000,0.0,top1_a2b,0.766
en-ar-fair,fair,en-ar,6,1000,0.0,top1_b2a,0.804
en-ar-fair,fair,en-ar,6,1000,0.0,mexa_mutual,0.615
en-ar-fair,fair,en-ar,6,1000,0.0,hungarian,0.984
en-ar-fair,fair,en-ar,6,1000,1.0,top1_a2b,0.787
en-ar-fair,fair,en-ar,6,1000,1.0,top1_b2a,0.81
en-ar-fair,fair,en-ar,6,1000,1.0,mexa_mutual,0.639
en-ar-fair,fair,en-ar,6,1000,1.0,hungarian,0.977
en-ar-fair,fair,en-ar,6,1000,2.0,top1_a2b,0.77
en-ar-fair,fair,en-ar,6,1000,2.0,top1_b2a,0.792
en-ar-fair,fair,en-ar,6,1000,2.0,mexa_mutual,0.625
en-ar-fair,fair,en-ar,6,1000,2.0,hungarian,0.976
en-ar-fair,fair,en-ar,6,1000,3.0,top1_a2b,0.769
en-ar-fair,fair,en-ar,6,1000,3.0,top1_b2a,0.808
en-ar-fair,fair,en-ar,6,1000,3.0,mexa_mutual,0.631
en-ar-fair,fair,en-ar,6,1000,3.0,hungarian,0.983
en-ar-fair,fair,en-ar,6,1000,4.0,top1_a2b,0.761
en-ar-fair,fair,en-ar,6,1000,4.0,top1_b2a,0.816
en-ar-fair,fair,en-ar,6,1000,4.0,mexa_mutual,0.626
en-ar-fair,fair,en-ar,6,1000,4.0,hungarian,0.98
en-ar-fair,fair,en-ar,7,2009,,top1_a2b,0.8825286212045794
en-ar-fair,fair,en-ar,7,2009,,top1_b2a,0.8974614235938277
en-ar-fair,fair,en-ar,7,2009,,mexa_mutual,0.7894474863115978
en-ar-fair,fair,en-ar,7,2009,,hungarian,0.9985067197610752
en-ar-fair,fair,en-ar,7,1000,0.0,top1_a2b,0.903
en-ar-fair,fair,en-ar,7,1000,0.0,top1_b2a,0.91
en-ar-fair,fair,en-ar,7,1000,0.0,mexa_mutual,0.818
en-ar-fair,fair,en-ar,7,1000,0.0,hungarian,0.998
en-ar-fair,fair,en-ar,7,1000,1.0,top1_a2b,0.91
en-ar-fair,fair,en-ar,7,1000,1.0,top1_b2a,0.92
en-ar-fair,fair,en-ar,7,1000,1.0,mexa_mutual,0.834
en-ar-fair,fair,en-ar,7,1000,1.0,hungarian,1.0
en-ar-fair,fair,en-ar,7,1000,2.0,top1_a2b,0.909
en-ar-fair,fair,en-ar,7,1000,2.0,top1_b2a,0.905
en-ar-fair,fair,en-ar,7,1000,2.0,mexa_mutual,0.821
en-ar-fair,fair,en-ar,7,1000,2.0,hungarian,0.997
en-ar-fair,fair,en-ar,7,1000,3.0,top1_a2b,0.897
en-ar-fair,fair,en-ar,7,1000,3.0,top1_b2a,0.912
en-ar-fair,fair,en-ar,7,1000,3.0,mexa_mutual,0.818
en-ar-fair,fair,en-ar,7,1000,3.0,hungarian,0.998
en-ar-fair,fair,en-ar,7,1000,4.0,top1_a2b,0.907
en-ar-fair,fair,en-ar,7,1000,4.0,top1_b2a,0.913
en-ar-fair,fair,en-ar,7,1000,4.0,mexa_mutual,0.823
en-ar-fair,fair,en-ar,7,1000,4.0,hungarian,1.0
en-ar-fair,fair,en-ar,8,2009,,top1_a2b,0.9019412643106023
en-ar-fair,fair,en-ar,8,2009,,top1_b2a,0.9208561473369836
en-ar-fair,fair,en-ar,8,2009,,mexa_mutual,0.8327526132404182
en-ar-fair,fair,en-ar,8,2009,,hungarian,0.9905425584868094
en-ar-fair,fair,en-ar,8,1000,0.0,top1_a2b,0.91
en-ar-fair,fair,en-ar,8,1000,0.0,top1_b2a,0.929
en-ar-fair,fair,en-ar,8,1000,0.0,mexa_mutual,0.849
en-ar-fair,fair,en-ar,8,1000,0.0,hungarian,0.988
en-ar-fair,fair,en-ar,8,1000,1.0,top1_a2b,0.914
en-ar-fair,fair,en-ar,8,1000,1.0,top1_b2a,0.934
en-ar-fair,fair,en-ar,8,1000,1.0,mexa_mutual,0.854
en-ar-fair,fair,en-ar,8,1000,1.0,hungarian,0.992
en-ar-fair,fair,en-ar,8,1000,2.0,top1_a2b,0.919
en-ar-fair,fair,en-ar,8,1000,2.0,top1_b2a,0.923
en-ar-fair,fair,en-ar,8,1000,2.0,mexa_mutual,0.848
en-ar-fair,fair,en-ar,8,1000,2.0,hungarian,0.994
en-ar-fair,fair,en-ar,8,1000,3.0,top1_a2b,0.914
en-ar-fair,fair,en-ar,8,1000,3.0,top1_b2a,0.927
en-ar-fair,fair,en-ar,8,1000,3.0,mexa_mutual,0.848
en-ar-fair,fair,en-ar,8,1000,3.0,hungarian,0.992
en-ar-fair,fair,en-ar,8,1000,4.0,top1_a2b,0.92
en-ar-fair,fair,en-ar,8,1000,4.0,top1_b2a,0.928
en-ar-fair,fair,en-ar,8,1000,4.0,mexa_mutual,0.856
en-ar-fair,fair,en-ar,8,1000,4.0,hungarian,0.992
en-ar-fair,fair,en-ar,9,2009,,top1_a2b,0.9422598307615729
en-ar-fair,fair,en-ar,9,2009,,top1_b2a,0.9502239920358387
en-ar-fair,fair,en-ar,9,2009,,mexa_mutual,0.8969636635141862
en-ar-fair,fair,en-ar,9,2009,,hungarian,0.9940268790443006
en-ar-fair,fair,en-ar,9,1000,0.0,top1_a2b,0.947
en-ar-fair,fair,en-ar,9,1000,0.0,top1_b2a,0.954
en-ar-fair,fair,en-ar,9,1000,0.0,mexa_mutual,0.905
en-ar-fair,fair,en-ar,9,1000,0.0,hungarian,0.992
en-ar-fair,fair,en-ar,9,1000,1.0,top1_a2b,0.95
en-ar-fair,fair,en-ar,9,1000,1.0,top1_b2a,0.956
en-ar-fair,fair,en-ar,9,1000,1.0,mexa_mutual,0.907
en-ar-fair,fair,en-ar,9,1000,1.0,hungarian,0.996
en-ar-fair,fair,en-ar,9,1000,2.0,top1_a2b,0.951
en-ar-fair,fair,en-ar,9,1000,2.0,top1_b2a,0.959
en-ar-fair,fair,en-ar,9,1000,2.0,mexa_mutual,0.913
en-ar-fair,fair,en-ar,9,1000,2.0,hungarian,0.996
en-ar-fair,fair,en-ar,9,1000,3.0,top1_a2b,0.951
en-ar-fair,fair,en-ar,9,1000,3.0,top1_b2a,0.945
en-ar-fair,fair,en-ar,9,1000,3.0,mexa_mutual,0.899
en-ar-fair,fair,en-ar,9,1000,3.0,hungarian,0.998
en-ar-fair,fair,en-ar,9,1000,4.0,top1_a2b,0.951
en-ar-fair,fair,en-ar,9,1000,4.0,top1_b2a,0.952
en-ar-fair,fair,en-ar,9,1000,4.0,mexa_mutual,0.907
en-ar-fair,fair,en-ar,9,1000,4.0,hungarian,0.994
en-ar-fair,fair,en-ar,10,2009,,top1_a2b,0.9616724738675958
en-ar-fair,fair,en-ar,10,2009,,top1_b2a,0.9581881533101045
en-ar-fair,fair,en-ar,10,2009,,mexa_mutual,0.9228471876555501
en-ar-fair,fair,en-ar,10,2009,,hungarian,0.9970134395221503
en-ar-fair,fair,en-ar,10,1000,0.0,top1_a2b,0.968
en-ar-fair,fair,en-ar,10,1000,0.0,top1_b2a,0.962
en-ar-fair,fair,en-ar,10,1000,0.0,mexa_mutual,0.933
en-ar-fair,fair,en-ar,10,1000,0.0,hungarian,0.998
en-ar-fair,fair,en-ar,10,1000,1.0,top1_a2b,0.97
en-ar-fair,fair,en-ar,10,1000,1.0,top1_b2a,0.966
en-ar-fair,fair,en-ar,10,1000,1.0,mexa_mutual,0.936
en-ar-fair,fair,en-ar,10,1000,1.0,hungarian,0.998
en-ar-fair,fair,en-ar,10,1000,2.0,top1_a2b,0.972
en-ar-fair,fair,en-ar,10,1000,2.0,top1_b2a,0.967
en-ar-fair,fair,en-ar,10,1000,2.0,mexa_mutual,0.939
en-ar-fair,fair,en-ar,10,1000,2.0,hungarian,0.996
en-ar-fair,fair,en-ar,10,1000,3.0,top1_a2b,0.969
en-ar-fair,fair,en-ar,10,1000,3.0,top1_b2a,0.959
en-ar-fair,fair,en-ar,10,1000,3.0,mexa_mutual,0.929
en-ar-fair,fair,en-ar,10,1000,3.0,hungarian,1.0
en-ar-fair,fair,en-ar,10,1000,4.0,top1_a2b,0.968
en-ar-fair,fair,en-ar,10,1000,4.0,top1_b2a,0.957
en-ar-fair,fair,en-ar,10,1000,4.0,mexa_mutual,0.928
en-ar-fair,fair,en-ar,10,1000,4.0,hungarian,0.998
en-ar-fair,fair,en-ar,11,2009,,top1_a2b,0.9746142359382778
en-ar-fair,fair,en-ar,11,2009,,top1_b2a,0.9751119960179193
en-ar-fair,fair,en-ar,11,2009,,mexa_mutual,0.9507217521154804
en-ar-fair,fair,en-ar,11,2009,,hungarian,1.0
en-ar-fair,fair,en-ar,11,1000,0.0,top1_a2b,0.978
en-ar-fair,fair,en-ar,11,1000,0.0,top1_b2a,0.979
en-ar-fair,fair,en-ar,11,1000,0.0,mexa_mutual,0.958
en-ar-fair,fair,en-ar,11,1000,0.0,hungarian,1.0
en-ar-fair,fair,en-ar,11,1000,1.0,top1_a2b,0.976
en-ar-fair,fair,en-ar,11,1000,1.0,top1_b2a,0.975
en-ar-fair,fair,en-ar,11,1000,1.0,mexa_mutual,0.951
en-ar-fair,fair,en-ar,11,1000,1.0,hungarian,1.0
en-ar-fair,fair,en-ar,11,1000,2.0,top1_a2b,0.981
en-ar-fair,fair,en-ar,11,1000,2.0,top1_b2a,0.977
en-ar-fair,fair,en-ar,11,1000,2.0,mexa_mutual,0.958
en-ar-fair,fair,en-ar,11,1000,2.0,hungarian,1.0
en-ar-fair,fair,en-ar,11,1000,3.0,top1_a2b,0.979
en-ar-fair,fair,en-ar,11,1000,3.0,top1_b2a,0.979
en-ar-fair,fair,en-ar,11,1000,3.0,mexa_mutual,0.959
en-ar-fair,fair,en-ar,11,1000,3.0,hungarian,1.0
en-ar-fair,fair,en-ar,11,1000,4.0,top1_a2b,0.98
en-ar-fair,fair,en-ar,11,1000,4.0,top1_b2a,0.974
en-ar-fair,fair,en-ar,11,1000,4.0,mexa_mutual,0.955
en-ar-fair,fair,en-ar,11,1000,4.0,hungarian,1.0
en-ar-fair,fair,en-ar,12,2009,,top1_a2b,0.975609756097561
en-ar-fair,fair,en-ar,12,2009,,top1_b2a,0.9646590343454455
en-ar-fair,fair,en-ar,12,2009,,mexa_mutual,0.9412643106022897
en-ar-fair,fair,en-ar,12,2009,,hungarian,1.0
en-ar-fair,fair,en-ar,12,1000,0.0,top1_a2b,0.982
en-ar-fair,fair,en-ar,12,1000,0.0,top1_b2a,0.977
en-ar-fair,fair,en-ar,12,1000,0.0,mexa_mutual,0.96
en-ar-fair,fair,en-ar,12,1000,0.0,hungarian,1.0
en-ar-fair,fair,en-ar,12,1000,1.0,top1_a2b,0.977
en-ar-fair,fair,en-ar,12,1000,1.0,top1_b2a,0.971
en-ar-fair,fair,en-ar,12,1000,1.0,mexa_mutual,0.948
en-ar-fair,fair,en-ar,12,1000,1.0,hungarian,1.0
en-ar-fair,fair,en-ar,12,1000,2.0,top1_a2b,0.982
en-ar-fair,fair,en-ar,12,1000,2.0,top1_b2a,0.967
en-ar-fair,fair,en-ar,12,1000,2.0,mexa_mutual,0.949
en-ar-fair,fair,en-ar,12,1000,2.0,hungarian,1.0
en-ar-fair,fair,en-ar,12,1000,3.0,top1_a2b,0.985
en-ar-fair,fair,en-ar,12,1000,3.0,top1_b2a,0.972
en-ar-fair,fair,en-ar,12,1000,3.0,mexa_mutual,0.957
en-ar-fair,fair,en-ar,12,1000,3.0,hungarian,1.0
en-ar-fair,fair,en-ar,12,1000,4.0,top1_a2b,0.979
en-ar-fair,fair,en-ar,12,1000,4.0,top1_b2a,0.967
en-ar-fair,fair,en-ar,12,1000,4.0,mexa_mutual,0.947
en-ar-fair,fair,en-ar,12,1000,4.0,hungarian,1.0
en-ar-fair,fair,en-ar,13,2009,,top1_a2b,0.9776007964161274
en-ar-fair,fair,en-ar,13,2009,,top1_b2a,0.9606769537083126
en-ar-fair,fair,en-ar,13,2009,,mexa_mutual,0.9402687904430065
en-ar-fair,fair,en-ar,13,2009,,hungarian,1.0
en-ar-fair,fair,en-ar,13,1000,0.0,top1_a2b,0.983
en-ar-fair,fair,en-ar,13,1000,0.0,top1_b2a,0.976
en-ar-fair,fair,en-ar,13,1000,0.0,mexa_mutual,0.96
en-ar-fair,fair,en-ar,13,1000,0.0,hungarian,1.0
en-ar-fair,fair,en-ar,13,1000,1.0,top1_a2b,0.979
en-ar-fair,fair,en-ar,13,1000,1.0,top1_b2a,0.967
en-ar-fair,fair,en-ar,13,1000,1.0,mexa_mutual,0.948
en-ar-fair,fair,en-ar,13,1000,1.0,hungarian,1.0
en-ar-fair,fair,en-ar,13,1000,2.0,top1_a2b,0.985
en-ar-fair,fair,en-ar,13,1000,2.0,top1_b2a,0.962
en-ar-fair,fair,en-ar,13,1000,2.0,mexa_mutual,0.947
en-ar-fair,fair,en-ar,13,1000,2.0,hungarian,1.0
en-ar-fair,fair,en-ar,13,1000,3.0,top1_a2b,0.988
en-ar-fair,fair,en-ar,13,1000,3.0,top1_b2a,0.975
en-ar-fair,fair,en-ar,13,1000,3.0,mexa_mutual,0.964
en-ar-fair,fair,en-ar,13,1000,3.0,hungarian,1.0
en-ar-fair,fair,en-ar,13,1000,4.0,top1_a2b,0.978
en-ar-fair,fair,en-ar,13,1000,4.0,top1_b2a,0.967
en-ar-fair,fair,en-ar,13,1000,4.0,mexa_mutual,0.946
en-ar-fair,fair,en-ar,13,1000,4.0,hungarian,1.0
en-ar-fair,fair,en-ar,14,2009,,top1_a2b,0.9636635141861623
en-ar-fair,fair,en-ar,14,2009,,top1_b2a,0.9372822299651568
en-ar-fair,fair,en-ar,14,2009,,mexa_mutual,0.90741662518666
en-ar-fair,fair,en-ar,14,2009,,hungarian,1.0
en-ar-fair,fair,en-ar,14,1000,0.0,top1_a2b,0.977
en-ar-fair,fair,en-ar,14,1000,0.0,top1_b2a,0.953
en-ar-fair,fair,en-ar,14,1000,0.0,mexa_mutual,0.934
en-ar-fair,fair,en-ar,14,1000,0.0,hungarian,1.0
en-ar-fair,fair,en-ar,14,1000,1.0,top1_a2b,0.969
en-ar-fair,fair,en-ar,14,1000,1.0,top1_b2a,0.954
en-ar-fair,fair,en-ar,14,1000,1.0,mexa_mutual,0.93
en-ar-fair,fair,en-ar,14,1000,1.0,hungarian,1.0
en-ar-fair,fair,en-ar,14,1000,2.0,top1_a2b,0.973
en-ar-fair,fair,en-ar,14,1000,2.0,top1_b2a,0.936
en-ar-fair,fair,en-ar,14,1000,2.0,mexa_mutual,0.91
en-ar-fair,fair,en-ar,14,1000,2.0,hungarian,1.0
en-ar-fair,fair,en-ar,14,1000,3.0,top1_a2b,0.982
en-ar-fair,fair,en-ar,14,1000,3.0,top1_b2a,0.952
en-ar-fair,fair,en-ar,14,1000,3.0,mexa_mutual,0.937
en-ar-fair,fair,en-ar,14,1000,3.0,hungarian,1.0
en-ar-fair,fair,en-ar,14,1000,4.0,top1_a2b,0.973
en-ar-fair,fair,en-ar,14,1000,4.0,top1_b2a,0.953
en-ar-fair,fair,en-ar,14,1000,4.0,mexa_mutual,0.929
en-ar-fair,fair,en-ar,14,1000,4.0,hungarian,1.0
en-ar-fair,fair,en-ar,15,2009,,top1_a2b,0.8914883026381284
en-ar-fair,fair,en-ar,15,2009,,top1_b2a,0.7511199601791936
en-ar-fair,fair,en-ar,15,2009,,mexa_mutual,0.6908909905425585
en-ar-fair,fair,en-ar,15,2009,,hungarian,1.0
en-ar-fair,fair,en-ar,15,1000,0.0,top1_a2b,0.925
en-ar-fair,fair,en-ar,15,1000,0.0,top1_b2a,0.818
en-ar-fair,fair,en-ar,15,1000,0.0,mexa_mutual,0.769
en-ar-fair,fair,en-ar,15,1000,0.0,hungarian,1.0
en-ar-fair,fair,en-ar,15,1000,1.0,top1_a2b,0.928
en-ar-fair,fair,en-ar,15,1000,1.0,top1_b2a,0.793
en-ar-fair,fair,en-ar,15,1000,1.0,mexa_mutual,0.749
en-ar-fair,fair,en-ar,15,1000,1.0,hungarian,1.0
en-ar-fair,fair,en-ar,15,1000,2.0,top1_a2b,0.912
en-ar-fair,fair,en-ar,15,1000,2.0,top1_b2a,0.768
en-ar-fair,fair,en-ar,15,1000,2.0,mexa_mutual,0.713
en-ar-fair,fair,en-ar,15,1000,2.0,hungarian,1.0
en-ar-fair,fair,en-ar,15,1000,3.0,top1_a2b,0.929
en-ar-fair,fair,en-ar,15,1000,3.0,top1_b2a,0.787
en-ar-fair,fair,en-ar,15,1000,3.0,mexa_mutual,0.752
en-ar-fair,fair,en-ar,15,1000,3.0,hungarian,1.0
en-ar-fair,fair,en-ar,15,1000,4.0,top1_a2b,0.926
en-ar-fair,fair,en-ar,15,1000,4.0,top1_b2a,0.815
en-ar-fair,fair,en-ar,15,1000,4.0,mexa_mutual,0.764
en-ar-fair,fair,en-ar,15,1000,4.0,hungarian,1.0
en-ar-fair,fair,en-ar,16,2009,,top1_a2b,0.29915380786460927
en-ar-fair,fair,en-ar,16,2009,,top1_b2a,0.2498755599800896
en-ar-fair,fair,en-ar,16,2009,,mexa_mutual,0.1448481831757093
en-ar-fair,fair,en-ar,16,2009,,hungarian,0.9980089596814335
en-ar-fair,fair,en-ar,16,1000,0.0,top1_a2b,0.586
en-ar-fair,fair,en-ar,16,1000,0.0,top1_b2a,0.364
en-ar-fair,fair,en-ar,16,1000,0.0,mexa_mutual,0.27
en-ar-fair,fair,en-ar,16,1000,0.0,hungarian,1.0
en-ar-fair,fair,en-ar,16,1000,1.0,top1_a2b,0.569
en-ar-fair,fair,en-ar,16,1000,1.0,top1_b2a,0.322
en-ar-fair,fair,en-ar,16,1000,1.0,mexa_mutual,0.253
en-ar-fair,fair,en-ar,16,1000,1.0,hungarian,0.998
en-ar-fair,fair,en-ar,16,1000,2.0,top1_a2b,0.327
en-ar-fair,fair,en-ar,16,1000,2.0,top1_b2a,0.304
en-ar-fair,fair,en-ar,16,1000,2.0,mexa_mutual,0.168
en-ar-fair,fair,en-ar,16,1000,2.0,hungarian,1.0
en-ar-fair,fair,en-ar,16,1000,3.0,top1_a2b,0.304
en-ar-fair,fair,en-ar,16,1000,3.0,top1_b2a,0.29
en-ar-fair,fair,en-ar,16,1000,3.0,mexa_mutual,0.165
en-ar-fair,fair,en-ar,16,1000,3.0,hungarian,0.998
en-ar-fair,fair,en-ar,16,1000,4.0,top1_a2b,0.306
en-ar-fair,fair,en-ar,16,1000,4.0,top1_b2a,0.302
en-ar-fair,fair,en-ar,16,1000,4.0,mexa_mutual,0.167
en-ar-fair,fair,en-ar,16,1000,4.0,hungarian,0.998
en-de-fair,fair,en-de,0,2009,,top1_a2b,0.593827775012444
en-de-fair,fair,en-de,0,2009,,top1_b2a,0.5793927327028372
en-de-fair,fair,en-de,0,2009,,mexa_mutual,0.49776007964161273
en-de-fair,fair,en-de,0,2009,,hungarian,0.7282229965156795
en-de-fair,fair,en-de,0,1000,0.0,top1_a2b,0.64
en-de-fair,fair,en-de,0,1000,0.0,top1_b2a,0.613
en-de-fair,fair,en-de,0,1000,0.0,mexa_mutual,0.538
en-de-fair,fair,en-de,0,1000,0.0,hungarian,0.738
en-de-fair,fair,en-de,0,1000,1.0,top1_a2b,0.639
en-de-fair,fair,en-de,0,1000,1.0,top1_b2a,0.617
en-de-fair,fair,en-de,0,1000,1.0,mexa_mutual,0.537
en-de-fair,fair,en-de,0,1000,1.0,hungarian,0.762
en-de-fair,fair,en-de,0,1000,2.0,top1_a2b,0.646
en-de-fair,fair,en-de,0,1000,2.0,top1_b2a,0.613
en-de-fair,fair,en-de,0,1000,2.0,mexa_mutual,0.531
en-de-fair,fair,en-de,0,1000,2.0,hungarian,0.755
en-de-fair,fair,en-de,0,1000,3.0,top1_a2b,0.644
en-de-fair,fair,en-de,0,1000,3.0,top1_b2a,0.627
en-de-fair,fair,en-de,0,1000,3.0,mexa_mutual,0.556
en-de-fair,fair,en-de,0,1000,3.0,hungarian,0.76
en-de-fair,fair,en-de,0,1000,4.0,top1_a2b,0.643
en-de-fair,fair,en-de,0,1000,4.0,top1_b2a,0.63
en-de-fair,fair,en-de,0,1000,4.0,mexa_mutual,0.546
en-de-fair,fair,en-de,0,1000,4.0,hungarian,0.765
en-de-fair,fair,en-de,1,2009,,top1_a2b,0.7187655550024888
en-de-fair,fair,en-de,1,2009,,top1_b2a,0.6441015430562469
en-de-fair,fair,en-de,1,2009,,mexa_mutual,0.5042309606769537
en-de-fair,fair,en-de,1,2009,,hungarian,0.9920358387257342
en-de-fair,fair,en-de,1,1000,0.0,top1_a2b,0.724
en-de-fair,fair,en-de,1,1000,0.0,top1_b2a,0.665
en-de-fair,fair,en-de,1,1000,0.0,mexa_mutual,0.522
en-de-fair,fair,en-de,1,1000,0.0,hungarian,0.997
en-de-fair,fair,en-de,1,1000,1.0,top1_a2b,0.74
en-de-fair,fair,en-de,1,1000,1.0,top1_b2a,0.688
en-de-fair,fair,en-de,1,1000,1.0,mexa_mutual,0.546
en-de-fair,fair,en-de,1,1000,1.0,hungarian,0.995
en-de-fair,fair,en-de,1,1000,2.0,top1_a2b,0.736
en-de-fair,fair,en-de,1,1000,2.0,top1_b2a,0.671
en-de-fair,fair,en-de,1,1000,2.0,mexa_mutual,0.524
en-de-fair,fair,en-de,1,1000,2.0,hungarian,0.996
en-de-fair,fair,en-de,1,1000,3.0,top1_a2b,0.731
en-de-fair,fair,en-de,1,1000,3.0,top1_b2a,0.682
en-de-fair,fair,en-de,1,1000,3.0,mexa_mutual,0.532
en-de-fair,fair,en-de,1,1000,3.0,hungarian,0.998
en-de-fair,fair,en-de,1,1000,4.0,top1_a2b,0.765
en-de-fair,fair,en-de,1,1000,4.0,top1_b2a,0.686
en-de-fair,fair,en-de,1,1000,4.0,mexa_mutual,0.558
en-de-fair,fair,en-de,1,1000,4.0,hungarian,0.997
en-de-fair,fair,en-de,2,2009,,top1_a2b,0.662020905923345
en-de-fair,fair,en-de,2,2009,,top1_b2a,0.6669985067197611
en-de-fair,fair,en-de,2,2009,,mexa_mutual,0.6017919362867098
en-de-fair,fair,en-de,2,2009,,hungarian,0.7889497262319562
en-de-fair,fair,en-de,2,1000,0.0,top1_a2b,0.667
en-de-fair,fair,en-de,2,1000,0.0,top1_b2a,0.659
en-de-fair,fair,en-de,2,1000,0.0,mexa_mutual,0.601
en-de-fair,fair,en-de,2,1000,0.0,hungarian,0.792
en-de-fair,fair,en-de,2,1000,1.0,top1_a2b,0.685
en-de-fair,fair,en-de,2,1000,1.0,top1_b2a,0.702
en-de-fair,fair,en-de,2,1000,1.0,mexa_mutual,0.641
en-de-fair,fair,en-de,2,1000,1.0,hungarian,0.794
en-de-fair,fair,en-de,2,1000,2.0,top1_a2b,0.682
en-de-fair,fair,en-de,2,1000,2.0,top1_b2a,0.687
en-de-fair,fair,en-de,2,1000,2.0,mexa_mutual,0.626
en-de-fair,fair,en-de,2,1000,2.0,hungarian,0.79
en-de-fair,fair,en-de,2,1000,3.0,top1_a2b,0.673
en-de-fair,fair,en-de,2,1000,3.0,top1_b2a,0.678
en-de-fair,fair,en-de,2,1000,3.0,mexa_mutual,0.611
en-de-fair,fair,en-de,2,1000,3.0,hungarian,0.79
en-de-fair,fair,en-de,2,1000,4.0,top1_a2b,0.685
en-de-fair,fair,en-de,2,1000,4.0,top1_b2a,0.689
en-de-fair,fair,en-de,2,1000,4.0,mexa_mutual,0.635
en-de-fair,fair,en-de,2,1000,4.0,hungarian,0.794
en-de-fair,fair,en-de,3,2009,,top1_a2b,0.7560975609756098
en-de-fair,fair,en-de,3,2009,,top1_b2a,0.7446490791438527
en-de-fair,fair,en-de,3,2009,,mexa_mutual,0.6968641114982579
en-de-fair,fair,en-de,3,2009,,hungarian,0.8461921353907417
en-de-fair,fair,en-de,3,1000,0.0,top1_a2b,0.76
en-de-fair,fair,en-de,3,1000,0.0,top1_b2a,0.754
en-de-fair,fair,en-de,3,1000,0.0,mexa_mutual,0.704
en-de-fair,fair,en-de,3,1000,0.0,hungarian,0.835
en-de-fair,fair,en-de,3,1000,1.0,top1_a2b,0.765
en-de-fair,fair,en-de,3,1000,1.0,top1_b2a,0.776
en-de-fair,fair,en-de,3,1000,1.0,mexa_mutual,0.724
en-de-fair,fair,en-de,3,1000,1.0,hungarian,0.849
en-de-fair,fair,en-de,3,1000,2.0,top1_a2b,0.76
en-de-fair,fair,en-de,3,1000,2.0,top1_b2a,0.755
en-de-fair,fair,en-de,3,1000,2.0,mexa_mutual,0.71
en-de-fair,fair,en-de,3,1000,2.0,hungarian,0.85
en-de-fair,fair,en-de,3,1000,3.0,top1_a2b,0.771
en-de-fair,fair,en-de,3,1000,3.0,top1_b2a,0.752
en-de-fair,fair,en-de,3,1000,3.0,mexa_mutual,0.712
en-de-fair,fair,en-de,3,1000,3.0,hungarian,0.854
en-de-fair,fair,en-de,3,1000,4.0,top1_a2b,0.77
en-de-fair,fair,en-de,3,1000,4.0,top1_b2a,0.751
en-de-fair,fair,en-de,3,1000,4.0,mexa_mutual,0.712
en-de-fair,fair,en-de,3,1000,4.0,hungarian,0.84
en-de-fair,fair,en-de,4,2009,,top1_a2b,0.6744649079143853
en-de-fair,fair,en-de,4,2009,,top1_b2a,0.7386759581881533
en-de-fair,fair,en-de,4,2009,,mexa_mutual,0.6436037829766053
en-de-fair,fair,en-de,4,2009,,hungarian,0.8322548531607765
en-de-fair,fair,en-de,4,1000,0.0,top1_a2b,0.693
en-de-fair,fair,en-de,4,1000,0.0,top1_b2a,0.743
en-de-fair,fair,en-de,4,1000,0.0,mexa_mutual,0.656
en-de-fair,fair,en-de,4,1000,0.0,hungarian,0.837
en-de-fair,fair,en-de,4,1000,1.0,top1_a2b,0.697
en-de-fair,fair,en-de,4,1000,1.0,top1_b2a,0.762
en-de-fair,fair,en-de,4,1000,1.0,mexa_mutual,0.673
en-de-fair,fair,en-de,4,1000,1.0,hungarian,0.838
en-de-fair,fair,en-de,4,1000,2.0,top1_a2b,0.697
en-de-fair,fair,en-de,4,1000,2.0,top1_b2a,0.76
en-de-fair,fair,en-de,4,1000,2.0,mexa_mutual,0.666
en-de-fair,fair,en-de,4,1000,2.0,hungarian,0.837
en-de-fair,fair,en-de,4,1000,3.0,top1_a2b,0.679
en-de-fair,fair,en-de,4,1000,3.0,top1_b2a,0.751
en-de-fair,fair,en-de,4,1000,3.0,mexa_mutual,0.643
en-de-fair,fair,en-de,4,1000,3.0,hungarian,0.833
en-de-fair,fair,en-de,4,1000,4.0,top1_a2b,0.687
en-de-fair,fair,en-de,4,1000,4.0,top1_b2a,0.752
en-de-fair,fair,en-de,4,1000,4.0,mexa_mutual,0.659
en-de-fair,fair,en-de,4,1000,4.0,hungarian,0.829
en-de-fair,fair,en-de,5,2009,,top1_a2b,0.6884021901443504
en-de-fair,fair,en-de,5,2009,,top1_b2a,0.8013937282229965
en-de-fair,fair,en-de,5,2009,,mexa_mutual,0.6625186660029866
en-de-fair,fair,en-de,5,2009,,hungarian,0.8715778994524639
en-de-fair,fair,en-de,5,1000,0.0,top1_a2b,0.695
en-de-fair,fair,en-de,5,1000,0.0,top1_b2a,0.796
en-de-fair,fair,en-de,5,1000,0.0,mexa_mutual,0.671
en-de-fair,fair,en-de,5,1000,0.0,hungarian,0.861
en-de-fair,fair,en-de,5,1000,1.0,top1_a2b,0.713
en-de-fair,fair,en-de,5,1000,1.0,top1_b2a,0.815
en-de-fair,fair,en-de,5,1000,1.0,mexa_mutual,0.691
en-de-fair,fair,en-de,5,1000,1.0,hungarian,0.874
en-de-fair,fair,en-de,5,1000,2.0,top1_a2b,0.71
en-de-fair,fair,en-de,5,1000,2.0,top1_b2a,0.814
en-de-fair,fair,en-de,5,1000,2.0,mexa_mutual,0.681
en-de-fair,fair,en-de,5,1000,2.0,hungarian,0.875
en-de-fair,fair,en-de,5,1000,3.0,top1_a2b,0.703
en-de-fair,fair,en-de,5,1000,3.0,top1_b2a,0.803
en-de-fair,fair,en-de,5,1000,3.0,mexa_mutual,0.676
en-de-fair,fair,en-de,5,1000,3.0,hungarian,0.874
en-de-fair,fair,en-de,5,1000,4.0,top1_a2b,0.697
en-de-fair,fair,en-de,5,1000,4.0,top1_b2a,0.821
en-de-fair,fair,en-de,5,1000,4.0,mexa_mutual,0.671
en-de-fair,fair,en-de,5,1000,4.0,hungarian,0.871
en-de-fair,fair,en-de,6,2009,,top1_a2b,0.7700348432055749
en-de-fair,fair,en-de,6,2009,,top1_b2a,0.8810353409656545
en-de-fair,fair,en-de,6,2009,,mexa_mutual,0.7466401194624191
en-de-fair,fair,en-de,6,2009,,hungarian,0.9069188651070185
en-de-fair,fair,en-de,6,1000,0.0,top1_a2b,0.778
en-de-fair,fair,en-de,6,1000,0.0,top1_b2a,0.873
en-de-fair,fair,en-de,6,1000,0.0,mexa_mutual,0.748
en-de-fair,fair,en-de,6,1000,0.0,hungarian,0.902
en-de-fair,fair,en-de,6,1000,1.0,top1_a2b,0.796
en-de-fair,fair,en-de,6,1000,1.0,top1_b2a,0.886
en-de-fair,fair,en-de,6,1000,1.0,mexa_mutual,0.768
en-de-fair,fair,en-de,6,1000,1.0,hungarian,0.913
en-de-fair,fair,en-de,6,1000,2.0,top1_a2b,0.789
en-de-fair,fair,en-de,6,1000,2.0,top1_b2a,0.886
en-de-fair,fair,en-de,6,1000,2.0,mexa_mutual,0.764
en-de-fair,fair,en-de,6,1000,2.0,hungarian,0.91
en-de-fair,fair,en-de,6,1000,3.0,top1_a2b,0.777
en-de-fair,fair,en-de,6,1000,3.0,top1_b2a,0.885
en-de-fair,fair,en-de,6,1000,3.0,mexa_mutual,0.755
en-de-fair,fair,en-de,6,1000,3.0,hungarian,0.905
en-de-fair,fair,en-de,6,1000,4.0,top1_a2b,0.789
en-de-fair,fair,en-de,6,1000,4.0,top1_b2a,0.881
en-de-fair,fair,en-de,6,1000,4.0,mexa_mutual,0.76
en-de-fair,fair,en-de,6,1000,4.0,hungarian,0.907
en-de-fair,fair,en-de,7,2009,,top1_a2b,0.8765555002488801
en-de-fair,fair,en-de,7,2009,,top1_b2a,0.9352911896465903
en-de-fair,fair,en-de,7,2009,,mexa_mutual,0.86112493777999
en-de-fair,fair,en-de,7,2009,,hungarian,0.9457441513190642
en-de-fair,fair,en-de,7,1000,0.0,top1_a2b,0.878
en-de-fair,fair,en-de,7,1000,0.0,top1_b2a,0.932
en-de-fair,fair,en-de,7,1000,0.0,mexa_mutual,0.862
en-de-fair,fair,en-de,7,1000,0.0,hungarian,0.945
en-de-fair,fair,en-de,7,1000,1.0,top1_a2b,0.892
en-de-fair,fair,en-de,7,1000,1.0,top1_b2a,0.943
en-de-fair,fair,en-de,7,1000,1.0,mexa_mutual,0.873
en-de-fair,fair,en-de,7,1000,1.0,hungarian,0.96
en-de-fair,fair,en-de,7,1000,2.0,top1_a2b,0.883
en-de-fair,fair,en-de,7,1000,2.0,top1_b2a,0.936
en-de-fair,fair,en-de,7,1000,2.0,mexa_mutual,0.864
en-de-fair,fair,en-de,7,1000,2.0,hungarian,0.948
en-de-fair,fair,en-de,7,1000,3.0,top1_a2b,0.883
en-de-fair,fair,en-de,7,1000,3.0,top1_b2a,0.938
en-de-fair,fair,en-de,7,1000,3.0,mexa_mutual,0.864
en-de-fair,fair,en-de,7,1000,3.0,hungarian,0.951
en-de-fair,fair,en-de,7,1000,4.0,top1_a2b,0.892
en-de-fair,fair,en-de,7,1000,4.0,top1_b2a,0.942
en-de-fair,fair,en-de,7,1000,4.0,mexa_mutual,0.877
en-de-fair,fair,en-de,7,1000,4.0,hungarian,0.947
en-de-fair,fair,en-de,8,2009,,top1_a2b,0.9407665505226481
en-de-fair,fair,en-de,8,2009,,top1_b2a,0.9547038327526133
en-de-fair,fair,en-de,8,2009,,mexa_mutual,0.9208561473369836
en-de-fair,fair,en-de,8,2009,,hungarian,0.9696366351418616
en-de-fair,fair,en-de,8,1000,0.0,top1_a2b,0.942
en-de-fair,fair,en-de,8,1000,0.0,top1_b2a,0.956
en-de-fair,fair,en-de,8,1000,0.0,mexa_mutual,0.921
en-de-fair,fair,en-de,8,1000,0.0,hungarian,0.967
en-de-fair,fair,en-de,8,1000,1.0,top1_a2b,0.944
en-de-fair,fair,en-de,8,1000,1.0,top1_b2a,0.962
en-de-fair,fair,en-de,8,1000,1.0,mexa_mutual,0.922
en-de-fair,fair,en-de,8,1000,1.0,hungarian,0.98
en-de-fair,fair,en-de,8,1000,2.0,top1_a2b,0.937
en-de-fair,fair,en-de,8,1000,2.0,top1_b2a,0.953
en-de-fair,fair,en-de,8,1000,2.0,mexa_mutual,0.915
en-de-fair,fair,en-de,8,1000,2.0,hungarian,0.971
en-de-fair,fair,en-de,8,1000,3.0,top1_a2b,0.955
en-de-fair,fair,en-de,8,1000,3.0,top1_b2a,0.956
en-de-fair,fair,en-de,8,1000,3.0,mexa_mutual,0.929
en-de-fair,fair,en-de,8,1000,3.0,hungarian,0.978
en-de-fair,fair,en-de,8,1000,4.0,top1_a2b,0.952
en-de-fair,fair,en-de,8,1000,4.0,top1_b2a,0.958
en-de-fair,fair,en-de,8,1000,4.0,mexa_mutual,0.929
en-de-fair,fair,en-de,8,1000,4.0,hungarian,0.974
en-de-fair,fair,en-de,9,2009,,top1_a2b,0.9611747137879542
en-de-fair,fair,en-de,9,2009,,top1_b2a,0.9626679940268791
en-de-fair,fair,en-de,9,2009,,mexa_mutual,0.9377799900447984
en-de-fair,fair,en-de,9,2009,,hungarian,0.9810851169736187
en-de-fair,fair,en-de,9,1000,0.0,top1_a2b,0.96
en-de-fair,fair,en-de,9,1000,0.0,top1_b2a,0.967
en-de-fair,fair,en-de,9,1000,0.0,mexa_mutual,0.939
en-de-fair,fair,en-de,9,1000,0.0,hungarian,0.983
en-de-fair,fair,en-de,9,1000,1.0,top1_a2b,0.969
en-de-fair,fair,en-de,9,1000,1.0,top1_b2a,0.97
en-de-fair,fair,en-de,9,1000,1.0,mexa_mutual,0.946
en-de-fair,fair,en-de,9,1000,1.0,hungarian,0.989
en-de-fair,fair,en-de,9,1000,2.0,top1_a2b,0.961
en-de-fair,fair,en-de,9,1000,2.0,top1_b2a,0.965
en-de-fair,fair,en-de,9,1000,2.0,mexa_mutual,0.941
en-de-fair,fair,en-de,9,1000,2.0,hungarian,0.979
en-de-fair,fair,en-de,9,1000,3.0,top1_a2b,0.966
en-de-fair,fair,en-de,9,1000,3.0,top1_b2a,0.964
en-de-fair,fair,en-de,9,1000,3.0,mexa_mutual,0.94
en-de-fair,fair,en-de,9,1000,3.0,hungarian,0.984
en-de-fair,fair,en-de,9,1000,4.0,top1_a2b,0.968
en-de-fair,fair,en-de,9,1000,4.0,top1_b2a,0.961
en-de-fair,fair,en-de,9,1000,4.0,mexa_mutual,0.944
en-de-fair,fair,en-de,9,1000,4.0,hungarian,0.982
en-de-fair,fair,en-de,10,2009,,top1_a2b,0.9706321553011449
en-de-fair,fair,en-de,10,2009,,top1_b2a,0.96913887506222
en-de-fair,fair,en-de,10,2009,,mexa_mutual,0.9462419113987058
en-de-fair,fair,en-de,10,2009,,hungarian,0.9905425584868094
en-de-fair,fair,en-de,10,1000,0.0,top1_a2b,0.974
en-de-fair,fair,en-de,10,1000,0.0,top1_b2a,0.973
en-de-fair,fair,en-de,10,1000,0.0,mexa_mutual,0.95
en-de-fair,fair,en-de,10,1000,0.0,hungarian,0.994
en-de-fair,fair,en-de,10,1000,1.0,top1_a2b,0.977
en-de-fair,fair,en-de,10,1000,1.0,top1_b2a,0.976
en-de-fair,fair,en-de,10,1000,1.0,mexa_mutual,0.956
en-de-fair,fair,en-de,10,1000,1.0,hungarian,0.995
en-de-fair,fair,en-de,10,1000,2.0,top1_a2b,0.97
en-de-fair,fair,en-de,10,1000,2.0,top1_b2a,0.971
en-de-fair,fair,en-de,10,1000,2.0,mexa_mutual,0.948
en-de-fair,fair,en-de,10,1000,2.0,hungarian,0.988
en-de-fair,fair,en-de,10,1000,3.0,top1_a2b,0.975
en-de-fair,fair,en-de,10,1000,3.0,top1_b2a,0.972
en-de-fair,fair,en-de,10,1000,3.0,mexa_mutual,0.95
en-de-fair,fair,en-de,10,1000,3.0,hungarian,0.992
en-de-fair,fair,en-de,10,1000,4.0,top1_a2b,0.978
en-de-fair,fair,en-de,10,1000,4.0,top1_b2a,0.973
en-de-fair,fair,en-de,10,1000,4.0,mexa_mutual,0.954
en-de-fair,fair,en-de,10,1000,4.0,hungarian,0.996
en-de-fair,fair,en-de,11,2009,,top1_a2b,0.98456943753111
en-de-fair,fair,en-de,11,2009,,top1_b2a,0.9825783972125436
en-de-fair,fair,en-de,11,2009,,mexa_mutual,0.9681433549029368
en-de-fair,fair,en-de,11,2009,,hungarian,1.0
en-de-fair,fair,en-de,11,1000,0.0,top1_a2b,0.99
en-de-fair,fair,en-de,11,1000,0.0,top1_b2a,0.983
en-de-fair,fair,en-de,11,1000,0.0,mexa_mutual,0.973
en-de-fair,fair,en-de,11,1000,0.0,hungarian,1.0
en-de-fair,fair,en-de,11,1000,1.0,top1_a2b,0.987
en-de-fair,fair,en-de,11,1000,1.0,top1_b2a,0.987
en-de-fair,fair,en-de,11,1000,1.0,mexa_mutual,0.975
en-de-fair,fair,en-de,11,1000,1.0,hungarian,1.0
en-de-fair,fair,en-de,11,1000,2.0,top1_a2b,0.982
en-de-fair,fair,en-de,11,1000,2.0,top1_b2a,0.984
en-de-fair,fair,en-de,11,1000,2.0,mexa_mutual,0.966
en-de-fair,fair,en-de,11,1000,2.0,hungarian,1.0
en-de-fair,fair,en-de,11,1000,3.0,top1_a2b,0.989
en-de-fair,fair,en-de,11,1000,3.0,top1_b2a,0.982
en-de-fair,fair,en-de,11,1000,3.0,mexa_mutual,0.972
en-de-fair,fair,en-de,11,1000,3.0,hungarian,1.0
en-de-fair,fair,en-de,11,1000,4.0,top1_a2b,0.989
en-de-fair,fair,en-de,11,1000,4.0,top1_b2a,0.987
en-de-fair,fair,en-de,11,1000,4.0,mexa_mutual,0.976
en-de-fair,fair,en-de,11,1000,4.0,hungarian,1.0
en-de-fair,fair,en-de,12,2009,,top1_a2b,0.987058237929318
en-de-fair,fair,en-de,12,2009,,top1_b2a,0.9850671976107516
en-de-fair,fair,en-de,12,2009,,mexa_mutual,0.9731209556993529
en-de-fair,fair,en-de,12,2009,,hungarian,1.0
en-de-fair,fair,en-de,12,1000,0.0,top1_a2b,0.993
en-de-fair,fair,en-de,12,1000,0.0,top1_b2a,0.987
en-de-fair,fair,en-de,12,1000,0.0,mexa_mutual,0.98
en-de-fair,fair,en-de,12,1000,0.0,hungarian,1.0
en-de-fair,fair,en-de,12,1000,1.0,top1_a2b,0.99
en-de-fair,fair,en-de,12,1000,1.0,top1_b2a,0.989
en-de-fair,fair,en-de,12,1000,1.0,mexa_mutual,0.98
en-de-fair,fair,en-de,12,1000,1.0,hungarian,1.0
en-de-fair,fair,en-de,12,1000,2.0,top1_a2b,0.985
en-de-fair,fair,en-de,12,1000,2.0,top1_b2a,0.988
en-de-fair,fair,en-de,12,1000,2.0,mexa_mutual,0.973
en-de-fair,fair,en-de,12,1000,2.0,hungarian,1.0
en-de-fair,fair,en-de,12,1000,3.0,top1_a2b,0.992
en-de-fair,fair,en-de,12,1000,3.0,top1_b2a,0.986
en-de-fair,fair,en-de,12,1000,3.0,mexa_mutual,0.979
en-de-fair,fair,en-de,12,1000,3.0,hungarian,1.0
en-de-fair,fair,en-de,12,1000,4.0,top1_a2b,0.99
en-de-fair,fair,en-de,12,1000,4.0,top1_b2a,0.989
en-de-fair,fair,en-de,12,1000,4.0,mexa_mutual,0.98
en-de-fair,fair,en-de,12,1000,4.0,hungarian,1.0
en-de-fair,fair,en-de,13,2009,,top1_a2b,0.9950223992035838
en-de-fair,fair,en-de,13,2009,,top1_b2a,0.9945246391239423
en-de-fair,fair,en-de,13,2009,,mexa_mutual,0.9900447984071677
en-de-fair,fair,en-de,13,2009,,hungarian,1.0
en-de-fair,fair,en-de,13,1000,0.0,top1_a2b,0.999
en-de-fair,fair,en-de,13,1000,0.0,top1_b2a,0.996
en-de-fair,fair,en-de,13,1000,0.0,mexa_mutual,0.995
en-de-fair,fair,en-de,13,1000,0.0,hungarian,1.0
en-de-fair,fair,en-de,13,1000,1.0,top1_a2b,0.996
en-de-fair,fair,en-de,13,1000,1.0,top1_b2a,0.995
en-de-fair,fair,en-de,13,1000,1.0,mexa_mutual,0.992
en-de-fair,fair,en-de,13,1000,1.0,hungarian,1.0
en-de-fair,fair,en-de,13,1000,2.0,top1_a2b,0.998
en-de-fair,fair,en-de,13,1000,2.0,top1_b2a,0.994
en-de-fair,fair,en-de,13,1000,2.0,mexa_mutual,0.992
en-de-fair,fair,en-de,13,1000,2.0,hungarian,1.0
en-de-fair,fair,en-de,13,1000,3.0,top1_a2b,0.998
en-de-fair,fair,en-de,13,1000,3.0,top1_b2a,0.996
en-de-fair,fair,en-de,13,1000,3.0,mexa_mutual,0.995
en-de-fair,fair,en-de,13,1000,3.0,hungarian,1.0
en-de-fair,fair,en-de,13,1000,4.0,top1_a2b,0.998
en-de-fair,fair,en-de,13,1000,4.0,top1_b2a,0.994
en-de-fair,fair,en-de,13,1000,4.0,mexa_mutual,0.993
en-de-fair,fair,en-de,13,1000,4.0,hungarian,1.0
en-de-fair,fair,en-de,14,2009,,top1_a2b,0.9950223992035838
en-de-fair,fair,en-de,14,2009,,top1_b2a,0.9965156794425087
en-de-fair,fair,en-de,14,2009,,mexa_mutual,0.9930313588850174
en-de-fair,fair,en-de,14,2009,,hungarian,1.0
en-de-fair,fair,en-de,14,1000,0.0,top1_a2b,0.998
en-de-fair,fair,en-de,14,1000,0.0,top1_b2a,0.996
en-de-fair,fair,en-de,14,1000,0.0,mexa_mutual,0.995
en-de-fair,fair,en-de,14,1000,0.0,hungarian,1.0
en-de-fair,fair,en-de,14,1000,1.0,top1_a2b,0.994
en-de-fair,fair,en-de,14,1000,1.0,top1_b2a,0.994
en-de-fair,fair,en-de,14,1000,1.0,mexa_mutual,0.991
en-de-fair,fair,en-de,14,1000,1.0,hungarian,1.0
en-de-fair,fair,en-de,14,1000,2.0,top1_a2b,0.998
en-de-fair,fair,en-de,14,1000,2.0,top1_b2a,0.999
en-de-fair,fair,en-de,14,1000,2.0,mexa_mutual,0.997
en-de-fair,fair,en-de,14,1000,2.0,hungarian,1.0
en-de-fair,fair,en-de,14,1000,3.0,top1_a2b,0.999
en-de-fair,fair,en-de,14,1000,3.0,top1_b2a,0.997
en-de-fair,fair,en-de,14,1000,3.0,mexa_mutual,0.997
en-de-fair,fair,en-de,14,1000,3.0,hungarian,1.0
en-de-fair,fair,en-de,14,1000,4.0,top1_a2b,0.998
en-de-fair,fair,en-de,14,1000,4.0,top1_b2a,0.996
en-de-fair,fair,en-de,14,1000,4.0,mexa_mutual,0.996
en-de-fair,fair,en-de,14,1000,4.0,hungarian,1.0
en-de-fair,fair,en-de,15,2009,,top1_a2b,0.9113987058237929
en-de-fair,fair,en-de,15,2009,,top1_b2a,0.9054255848680935
en-de-fair,fair,en-de,15,2009,,mexa_mutual,0.8437033349925336
en-de-fair,fair,en-de,15,2009,,hungarian,1.0
en-de-fair,fair,en-de,15,1000,0.0,top1_a2b,0.966
en-de-fair,fair,en-de,15,1000,0.0,top1_b2a,0.925
en-de-fair,fair,en-de,15,1000,0.0,mexa_mutual,0.9
en-de-fair,fair,en-de,15,1000,0.0,hungarian,1.0
en-de-fair,fair,en-de,15,1000,1.0,top1_a2b,0.972
en-de-fair,fair,en-de,15,1000,1.0,top1_b2a,0.921
en-de-fair,fair,en-de,15,1000,1.0,mexa_mutual,0.905
en-de-fair,fair,en-de,15,1000,1.0,hungarian,1.0
en-de-fair,fair,en-de,15,1000,2.0,top1_a2b,0.976
en-de-fair,fair,en-de,15,1000,2.0,top1_b2a,0.922
en-de-fair,fair,en-de,15,1000,2.0,mexa_mutual,0.904
en-de-fair,fair,en-de,15,1000,2.0,hungarian,1.0
en-de-fair,fair,en-de,15,1000,3.0,top1_a2b,0.946
en-de-fair,fair,en-de,15,1000,3.0,top1_b2a,0.951
en-de-fair,fair,en-de,15,1000,3.0,mexa_mutual,0.911
en-de-fair,fair,en-de,15,1000,3.0,hungarian,1.0
en-de-fair,fair,en-de,15,1000,4.0,top1_a2b,0.978
en-de-fair,fair,en-de,15,1000,4.0,top1_b2a,0.931
en-de-fair,fair,en-de,15,1000,4.0,mexa_mutual,0.919
en-de-fair,fair,en-de,15,1000,4.0,hungarian,1.0
en-de-fair,fair,en-de,16,2009,,top1_a2b,0.6087605774016924
en-de-fair,fair,en-de,16,2009,,top1_b2a,0.3469387755102041
en-de-fair,fair,en-de,16,2009,,mexa_mutual,0.30214036834245894
en-de-fair,fair,en-de,16,2009,,hungarian,1.0
en-de-fair,fair,en-de,16,1000,0.0,top1_a2b,0.818
en-de-fair,fair,en-de,16,1000,0.0,top1_b2a,0.416
en-de-fair,fair,en-de,16,1000,0.0,mexa_mutual,0.395
en-de-fair,fair,en-de,16,1000,0.0,hungarian,1.0
en-de-fair,fair,en-de,16,1000,1.0,top1_a2b,0.807
en-de-fair,fair,en-de,16,1000,1.0,top1_b2a,0.368
en-de-fair,fair,en-de,16,1000,1.0,mexa_mutual,0.347
en-de-fair,fair,en-de,16,1000,1.0,hungarian,1.0
en-de-fair,fair,en-de,16,1000,2.0,top1_a2b,0.866
en-de-fair,fair,en-de,16,1000,2.0,top1_b2a,0.41
en-de-fair,fair,en-de,16,1000,2.0,mexa_mutual,0.396
en-de-fair,fair,en-de,16,1000,2.0,hungarian,1.0
en-de-fair,fair,en-de,16,1000,3.0,top1_a2b,0.62
en-de-fair,fair,en-de,16,1000,3.0,top1_b2a,0.406
en-de-fair,fair,en-de,16,1000,3.0,mexa_mutual,0.339
en-de-fair,fair,en-de,16,1000,3.0,hungarian,1.0
en-de-fair,fair,en-de,16,1000,4.0,top1_a2b,0.83
en-de-fair,fair,en-de,16,1000,4.0,top1_b2a,0.406
en-de-fair,fair,en-de,16,1000,4.0,mexa_mutual,0.389
en-de-fair,fair,en-de,16,1000,4.0,hungarian,1.0
en-fr-fair,fair,en-fr,0,2009,,top1_a2b,0.6784469885515182
en-fr-fair,fair,en-fr,0,2009,,top1_b2a,0.6550522648083623
en-fr-fair,fair,en-fr,0,2009,,mexa_mutual,0.571926331508213
en-fr-fair,fair,en-fr,0,2009,,hungarian,0.7989049278247885
en-fr-fair,fair,en-fr,0,1000,0.0,top1_a2b,0.723
en-fr-fair,fair,en-fr,0,1000,0.0,top1_b2a,0.687
en-fr-fair,fair,en-fr,0,1000,0.0,mexa_mutual,0.618
en-fr-fair,fair,en-fr,0,1000,0.0,hungarian,0.844
en-fr-fair,fair,en-fr,0,1000,1.0,top1_a2b,0.736
en-fr-fair,fair,en-fr,0,1000,1.0,top1_b2a,0.688
en-fr-fair,fair,en-fr,0,1000,1.0,mexa_mutual,0.617
en-fr-fair,fair,en-fr,0,1000,1.0,hungarian,0.836
en-fr-fair,fair,en-fr,0,1000,2.0,top1_a2b,0.72
en-fr-fair,fair,en-fr,0,1000,2.0,top1_b2a,0.68
en-fr-fair,fair,en-fr,0,1000,2.0,mexa_mutual,0.613
en-fr-fair,fair,en-fr,0,1000,2.0,hungarian,0.839
en-fr-fair,fair,en-fr,0,1000,3.0,top1_a2b,0.733
en-fr-fair,fair,en-fr,0,1000,3.0,top1_b2a,0.685
en-fr-fair,fair,en-fr,0,1000,3.0,mexa_mutual,0.611
en-fr-fair,fair,en-fr,0,1000,3.0,hungarian,0.849
en-fr-fair,fair,en-fr,0,1000,4.0,top1_a2b,0.729
en-fr-fair,fair,en-fr,0,1000,4.0,top1_b2a,0.706
en-fr-fair,fair,en-fr,0,1000,4.0,mexa_mutual,0.621
en-fr-fair,fair,en-fr,0,1000,4.0,hungarian,0.851
en-fr-fair,fair,en-fr,1,2009,,top1_a2b,0.8994524639123942
en-fr-fair,fair,en-fr,1,2009,,top1_b2a,0.7839721254355401
en-fr-fair,fair,en-fr,1,2009,,mexa_mutual,0.7307117969138875
en-fr-fair,fair,en-fr,1,2009,,hungarian,1.0
en-fr-fair,fair,en-fr,1,1000,0.0,top1_a2b,0.906
en-fr-fair,fair,en-fr,1,1000,0.0,top1_b2a,0.801
en-fr-fair,fair,en-fr,1,1000,0.0,mexa_mutual,0.749
en-fr-fair,fair,en-fr,1,1000,0.0,hungarian,1.0
en-fr-fair,fair,en-fr,1,1000,1.0,top1_a2b,0.904
en-fr-fair,fair,en-fr,1,1000,1.0,top1_b2a,0.811
en-fr-fair,fair,en-fr,1,1000,1.0,mexa_mutual,0.755
en-fr-fair,fair,en-fr,1,1000,1.0,hungarian,1.0
en-fr-fair,fair,en-fr,1,1000,2.0,top1_a2b,0.91
en-fr-fair,fair,en-fr,1,1000,2.0,top1_b2a,0.789
en-fr-fair,fair,en-fr,1,1000,2.0,mexa_mutual,0.736
en-fr-fair,fair,en-fr,1,1000,2.0,hungarian,1.0
en-fr-fair,fair,en-fr,1,1000,3.0,top1_a2b,0.896
en-fr-fair,fair,en-fr,1,1000,3.0,top1_b2a,0.807
en-fr-fair,fair,en-fr,1,1000,3.0,mexa_mutual,0.741
en-fr-fair,fair,en-fr,1,1000,3.0,hungarian,1.0
en-fr-fair,fair,en-fr,1,1000,4.0,top1_a2b,0.919
en-fr-fair,fair,en-fr,1,1000,4.0,top1_b2a,0.82
en-fr-fair,fair,en-fr,1,1000,4.0,mexa_mutual,0.767
en-fr-fair,fair,en-fr,1,1000,4.0,hungarian,1.0
en-fr-fair,fair,en-fr,2,2009,,top1_a2b,0.5067197610751618
en-fr-fair,fair,en-fr,2,2009,,top1_b2a,0.6530612244897959
en-fr-fair,fair,en-fr,2,2009,,mexa_mutual,0.4873071179691389
en-fr-fair,fair,en-fr,2,2009,,hungarian,0.8725734196117472
en-fr-fair,fair,en-fr,2,1000,0.0,top1_a2b,0.513
en-fr-fair,fair,en-fr,2,1000,0.0,top1_b2a,0.672
en-fr-fair,fair,en-fr,2,1000,0.0,mexa_mutual,0.493
en-fr-fair,fair,en-fr,2,1000,0.0,hungarian,0.853
en-fr-fair,fair,en-fr,2,1000,1.0,top1_a2b,0.536
en-fr-fair,fair,en-fr,2,1000,1.0,top1_b2a,0.674
en-fr-fair,fair,en-fr,2,1000,1.0,mexa_mutual,0.516
en-fr-fair,fair,en-fr,2,1000,1.0,hungarian,0.879
en-fr-fair,fair,en-fr,2,1000,2.0,top1_a2b,0.521
en-fr-fair,fair,en-fr,2,1000,2.0,top1_b2a,0.677
en-fr-fair,fair,en-fr,2,1000,2.0,mexa_mutual,0.502
en-fr-fair,fair,en-fr,2,1000,2.0,hungarian,0.89
en-fr-fair,fair,en-fr,2,1000,3.0,top1_a2b,0.532
en-fr-fair,fair,en-fr,2,1000,3.0,top1_b2a,0.669
en-fr-fair,fair,en-fr,2,1000,3.0,mexa_mutual,0.513
en-fr-fair,fair,en-fr,2,1000,3.0,hungarian,0.858
en-fr-fair,fair,en-fr,2,1000,4.0,top1_a2b,0.509
en-fr-fair,fair,en-fr,2,1000,4.0,top1_b2a,0.685
en-fr-fair,fair,en-fr,2,1000,4.0,mexa_mutual,0.493
en-fr-fair,fair,en-fr,2,1000,4.0,hungarian,0.876
en-fr-fair,fair,en-fr,3,2009,,top1_a2b,0.5291189646590343
en-fr-fair,fair,en-fr,3,2009,,top1_b2a,0.6450970632155301
en-fr-fair,fair,en-fr,3,2009,,mexa_mutual,0.5087108013937283
en-fr-fair,fair,en-fr,3,2009,,hungarian,0.8755599800895968
en-fr-fair,fair,en-fr,3,1000,0.0,top1_a2b,0.527
en-fr-fair,fair,en-fr,3,1000,0.0,top1_b2a,0.664
en-fr-fair,fair,en-fr,3,1000,0.0,mexa_mutual,0.506
en-fr-fair,fair,en-fr,3,1000,0.0,hungarian,0.863
en-fr-fair,fair,en-fr,3,1000,1.0,top1_a2b,0.556
en-fr-fair,fair,en-fr,3,1000,1.0,top1_b2a,0.665
en-fr-fair,fair,en-fr,3,1000,1.0,mexa_mutual,0.532
en-fr-fair,fair,en-fr,3,1000,1.0,hungarian,0.89
en-fr-fair,fair,en-fr,3,1000,2.0,top1_a2b,0.547
en-fr-fair,fair,en-fr,3,1000,2.0,top1_b2a,0.684
en-fr-fair,fair,en-fr,3,1000,2.0,mexa_mutual,0.53
en-fr-fair,fair,en-fr,3,1000,2.0,hungarian,0.887
en-fr-fair,fair,en-fr,3,1000,3.0,top1_a2b,0.547
en-fr-fair,fair,en-fr,3,1000,3.0,top1_b2a,0.657
en-fr-fair,fair,en-fr,3,1000,3.0,mexa_mutual,0.526
en-fr-fair,fair,en-fr,3,1000,3.0,hungarian,0.868
en-fr-fair,fair,en-fr,3,1000,4.0,top1_a2b,0.539
en-fr-fair,fair,en-fr,3,1000,4.0,top1_b2a,0.663
en-fr-fair,fair,en-fr,3,1000,4.0,mexa_mutual,0.523
en-fr-fair,fair,en-fr,3,1000,4.0,hungarian,0.88
en-fr-fair,fair,en-fr,4,2009,,top1_a2b,0.5236436037829766
en-fr-fair,fair,en-fr,4,2009,,top1_b2a,0.605276256844201
en-fr-fair,fair,en-fr,4,2009,,mexa_mutual,0.5042309606769537
en-fr-fair,fair,en-fr,4,2009,,hungarian,0.8641114982578397
en-fr-fair,fair,en-fr,4,1000,0.0,top1_a2b,0.536
en-fr-fair,fair,en-fr,4,1000,0.0,top1_b2a,0.609
en-fr-fair,fair,en-fr,4,1000,0.0,mexa_mutual,0.515
en-fr-fair,fair,en-fr,4,1000,0.0,hungarian,0.847
en-fr-fair,fair,en-fr,4,1000,1.0,top1_a2b,0.548
en-fr-fair,fair,en-fr,4,1000,1.0,top1_b2a,0.627
en-fr-fair,fair,en-fr,4,1000,1.0,mexa_mutual,0.524
en-fr-fair,fair,en-fr,4,1000,1.0,hungarian,0.867
en-fr-fair,fair,en-fr,4,1000,2.0,top1_a2b,0.552
en-fr-fair,fair,en-fr,4,1000,2.0,top1_b2a,0.638
en-fr-fair,fair,en-fr,4,1000,2.0,mexa_mutual,0.535
en-fr-fair,fair,en-fr,4,1000,2.0,hungarian,0.875
en-fr-fair,fair,en-fr,4,1000,3.0,top1_a2b,0.539
en-fr-fair,fair,en-fr,4,1000,3.0,top1_b2a,0.624
en-fr-fair,fair,en-fr,4,1000,3.0,mexa_mutual,0.517
en-fr-fair,fair,en-fr,4,1000,3.0,hungarian,0.853
en-fr-fair,fair,en-fr,4,1000,4.0,top1_a2b,0.535
en-fr-fair,fair,en-fr,4,1000,4.0,top1_b2a,0.613
en-fr-fair,fair,en-fr,4,1000,4.0,mexa_mutual,0.517
en-fr-fair,fair,en-fr,4,1000,4.0,hungarian,0.872
en-fr-fair,fair,en-fr,5,2009,,top1_a2b,0.5116973618715779
en-fr-fair,fair,en-fr,5,2009,,top1_b2a,0.615729218516675
en-fr-fair,fair,en-fr,5,2009,,mexa_mutual,0.492284718765555
en-fr-fair,fair,en-fr,5,2009,,hungarian,0.8765555002488801
en-fr-fair,fair,en-fr,5,1000,0.0,top1_a2b,0.516
en-fr-fair,fair,en-fr,5,1000,0.0,top1_b2a,0.624
en-fr-fair,fair,en-fr,5,1000,0.0,mexa_mutual,0.496
en-fr-fair,fair,en-fr,5,1000,0.0,hungarian,0.867
en-fr-fair,fair,en-fr,5,1000,1.0,top1_a2b,0.539
en-fr-fair,fair,en-fr,5,1000,1.0,top1_b2a,0.629
en-fr-fair,fair,en-fr,5,1000,1.0,mexa_mutual,0.516
en-fr-fair,fair,en-fr,5,1000,1.0,hungarian,0.879
en-fr-fair,fair,en-fr,5,1000,2.0,top1_a2b,0.524
en-fr-fair,fair,en-fr,5,1000,2.0,top1_b2a,0.651
en-fr-fair,fair,en-fr,5,1000,2.0,mexa_mutual,0.51
en-fr-fair,fair,en-fr,5,1000,2.0,hungarian,0.892
en-fr-fair,fair,en-fr,5,1000,3.0,top1_a2b,0.531
en-fr-fair,fair,en-fr,5,1000,3.0,top1_b2a,0.641
en-fr-fair,fair,en-fr,5,1000,3.0,mexa_mutual,0.513
en-fr-fair,fair,en-fr,5,1000,3.0,hungarian,0.865
en-fr-fair,fair,en-fr,5,1000,4.0,top1_a2b,0.517
en-fr-fair,fair,en-fr,5,1000,4.0,top1_b2a,0.639
en-fr-fair,fair,en-fr,5,1000,4.0,mexa_mutual,0.497
en-fr-fair,fair,en-fr,5,1000,4.0,hungarian,0.884
en-fr-fair,fair,en-fr,6,2009,,top1_a2b,0.6256844201095072
en-fr-fair,fair,en-fr,6,2009,,top1_b2a,0.7590841214534594
en-fr-fair,fair,en-fr,6,2009,,mexa_mutual,0.6102538576406172
en-fr-fair,fair,en-fr,6,2009,,hungarian,0.9248382279741165
en-fr-fair,fair,en-fr,6,1000,0.0,top1_a2b,0.638
en-fr-fair,fair,en-fr,6,1000,0.0,top1_b2a,0.775
en-fr-fair,fair,en-fr,6,1000,0.0,mexa_mutual,0.624
en-fr-fair,fair,en-fr,6,1000,0.0,hungarian,0.912
en-fr-fair,fair,en-fr,6,1000,1.0,top1_a2b,0.665
en-fr-fair,fair,en-fr,6,1000,1.0,top1_b2a,0.788
en-fr-fair,fair,en-fr,6,1000,1.0,mexa_mutual,0.65
en-fr-fair,fair,en-fr,6,1000,1.0,hungarian,0.928
en-fr-fair,fair,en-fr,6,1000,2.0,top1_a2b,0.66
en-fr-fair,fair,en-fr,6,1000,2.0,top1_b2a,0.784
en-fr-fair,fair,en-fr,6,1000,2.0,mexa_mutual,0.645
en-fr-fair,fair,en-fr,6,1000,2.0,hungarian,0.94
en-fr-fair,fair,en-fr,6,1000,3.0,top1_a2b,0.646
en-fr-fair,fair,en-fr,6,1000,3.0,top1_b2a,0.774
en-fr-fair,fair,en-fr,6,1000,3.0,mexa_mutual,0.629
en-fr-fair,fair,en-fr,6,1000,3.0,hungarian,0.919
en-fr-fair,fair,en-fr,6,1000,4.0,top1_a2b,0.65
en-fr-fair,fair,en-fr,6,1000,4.0,top1_b2a,0.778
en-fr-fair,fair,en-fr,6,1000,4.0,mexa_mutual,0.633
en-fr-fair,fair,en-fr,6,1000,4.0,hungarian,0.93
en-fr-fair,fair,en-fr,7,2009,,top1_a2b,0.754604280736685
en-fr-fair,fair,en-fr,7,2009,,top1_b2a,0.9009457441513191
en-fr-fair,fair,en-fr,7,2009,,mexa_mutual,0.7426580388252862
en-fr-fair,fair,en-fr,7,2009,,hungarian,0.95370831259333
en-fr-fair,fair,en-fr,7,1000,0.0,top1_a2b,0.771
en-fr-fair,fair,en-fr,7,1000,0.0,top1_b2a,0.905
en-fr-fair,fair,en-fr,7,1000,0.0,mexa_mutual,0.76
en-fr-fair,fair,en-fr,7,1000,0.0,hungarian,0.95
en-fr-fair,fair,en-fr,7,1000,1.0,top1_a2b,0.786
en-fr-fair,fair,en-fr,7,1000,1.0,top1_b2a,0.912
en-fr-fair,fair,en-fr,7,1000,1.0,mexa_mutual,0.772
en-fr-fair,fair,en-fr,7,1000,1.0,hungarian,0.965
en-fr-fair,fair,en-fr,7,1000,2.0,top1_a2b,0.779
en-fr-fair,fair,en-fr,7,1000,2.0,top1_b2a,0.911
en-fr-fair,fair,en-fr,7,1000,2.0,mexa_mutual,0.768
en-fr-fair,fair,en-fr,7,1000,2.0,hungarian,0.963
en-fr-fair,fair,en-fr,7,1000,3.0,top1_a2b,0.774
en-fr-fair,fair,en-fr,7,1000,3.0,top1_b2a,0.905
en-fr-fair,fair,en-fr,7,1000,3.0,mexa_mutual,0.76
en-fr-fair,fair,en-fr,7,1000,3.0,hungarian,0.95
en-fr-fair,fair,en-fr,7,1000,4.0,top1_a2b,0.786
en-fr-fair,fair,en-fr,7,1000,4.0,top1_b2a,0.912
en-fr-fair,fair,en-fr,7,1000,4.0,mexa_mutual,0.769
en-fr-fair,fair,en-fr,7,1000,4.0,hungarian,0.955
en-fr-fair,fair,en-fr,8,2009,,top1_a2b,0.8785465405674465
en-fr-fair,fair,en-fr,8,2009,,top1_b2a,0.9591836734693877
en-fr-fair,fair,en-fr,8,2009,,mexa_mutual,0.8626182180189149
en-fr-fair,fair,en-fr,8,2009,,hungarian,0.9766052762568442
en-fr-fair,fair,en-fr,8,1000,0.0,top1_a2b,0.902
en-fr-fair,fair,en-fr,8,1000,0.0,top1_b2a,0.959
en-fr-fair,fair,en-fr,8,1000,0.0,mexa_mutual,0.884
en-fr-fair,fair,en-fr,8,1000,0.0,hungarian,0.98
en-fr-fair,fair,en-fr,8,1000,1.0,top1_a2b,0.903
en-fr-fair,fair,en-fr,8,1000,1.0,top1_b2a,0.963
en-fr-fair,fair,en-fr,8,1000,1.0,mexa_mutual,0.885
en-fr-fair,fair,en-fr,8,1000,1.0,hungarian,0.986
en-fr-fair,fair,en-fr,8,1000,2.0,top1_a2b,0.885
en-fr-fair,fair,en-fr,8,1000,2.0,top1_b2a,0.963
en-fr-fair,fair,en-fr,8,1000,2.0,mexa_mutual,0.868
en-fr-fair,fair,en-fr,8,1000,2.0,hungarian,0.98
en-fr-fair,fair,en-fr,8,1000,3.0,top1_a2b,0.893
en-fr-fair,fair,en-fr,8,1000,3.0,top1_b2a,0.956
en-fr-fair,fair,en-fr,8,1000,3.0,mexa_mutual,0.872
en-fr-fair,fair,en-fr,8,1000,3.0,hungarian,0.979
en-fr-fair,fair,en-fr,8,1000,4.0,top1_a2b,0.9
en-fr-fair,fair,en-fr,8,1000,4.0,top1_b2a,0.958
en-fr-fair,fair,en-fr,8,1000,4.0,mexa_mutual,0.88
en-fr-fair,fair,en-fr,8,1000,4.0,hungarian,0.975
en-fr-fair,fair,en-fr,9,2009,,top1_a2b,0.9178695868591339
en-fr-fair,fair,en-fr,9,2009,,top1_b2a,0.9681433549029368
en-fr-fair,fair,en-fr,9,2009,,mexa_mutual,0.9009457441513191
en-fr-fair,fair,en-fr,9,2009,,hungarian,0.9860627177700348
en-fr-fair,fair,en-fr,9,1000,0.0,top1_a2b,0.933
en-fr-fair,fair,en-fr,9,1000,0.0,top1_b2a,0.972
en-fr-fair,fair,en-fr,9,1000,0.0,mexa_mutual,0.914
en-fr-fair,fair,en-fr,9,1000,0.0,hungarian,0.99
en-fr-fair,fair,en-fr,9,1000,1.0,top1_a2b,0.935
en-fr-fair,fair,en-fr,9,1000,1.0,top1_b2a,0.979
en-fr-fair,fair,en-fr,9,1000,1.0,mexa_mutual,0.922
en-fr-fair,fair,en-fr,9,1000,1.0,hungarian,0.992
en-fr-fair,fair,en-fr,9,1000,2.0,top1_a2b,0.925
en-fr-fair,fair,en-fr,9,1000,2.0,top1_b2a,0.975
en-fr-fair,fair,en-fr,9,1000,2.0,mexa_mutual,0.91
en-fr-fair,fair,en-fr,9,1000,2.0,hungarian,0.992
en-fr-fair,fair,en-fr,9,1000,3.0,top1_a2b,0.93
en-fr-fair,fair,en-fr,9,1000,3.0,top1_b2a,0.974
en-fr-fair,fair,en-fr,9,1000,3.0,mexa_mutual,0.914
en-fr-fair,fair,en-fr,9,1000,3.0,hungarian,0.988
en-fr-fair,fair,en-fr,9,1000,4.0,top1_a2b,0.927
en-fr-fair,fair,en-fr,9,1000,4.0,top1_b2a,0.965
en-fr-fair,fair,en-fr,9,1000,4.0,mexa_mutual,0.907
en-fr-fair,fair,en-fr,9,1000,4.0,hungarian,0.986
en-fr-fair,fair,en-fr,10,2009,,top1_a2b,0.9412643106022897
en-fr-fair,fair,en-fr,10,2009,,top1_b2a,0.9830761572921851
en-fr-fair,fair,en-fr,10,2009,,mexa_mutual,0.9303135888501742
en-fr-fair,fair,en-fr,10,2009,,hungarian,0.9950223992035838
en-fr-fair,fair,en-fr,10,1000,0.0,top1_a2b,0.951
en-fr-fair,fair,en-fr,10,1000,0.0,top1_b2a,0.981
en-fr-fair,fair,en-fr,10,1000,0.0,mexa_mutual,0.936
en-fr-fair,fair,en-fr,10,1000,0.0,hungarian,0.996
en-fr-fair,fair,en-fr,10,1000,1.0,top1_a2b,0.952
en-fr-fair,fair,en-fr,10,1000,1.0,top1_b2a,0.986
en-fr-fair,fair,en-fr,10,1000,1.0,mexa_mutual,0.942
en-fr-fair,fair,en-fr,10,1000,1.0,hungarian,0.996
en-fr-fair,fair,en-fr,10,1000,2.0,top1_a2b,0.946
en-fr-fair,fair,en-fr,10,1000,2.0,top1_b2a,0.985
en-fr-fair,fair,en-fr,10,1000,2.0,mexa_mutual,0.935
en-fr-fair,fair,en-fr,10,1000,2.0,hungarian,0.996
en-fr-fair,fair,en-fr,10,1000,3.0,top1_a2b,0.948
en-fr-fair,fair,en-fr,10,1000,3.0,top1_b2a,0.983
en-fr-fair,fair,en-fr,10,1000,3.0,mexa_mutual,0.936
en-fr-fair,fair,en-fr,10,1000,3.0,hungarian,0.994
en-fr-fair,fair,en-fr,10,1000,4.0,top1_a2b,0.947
en-fr-fair,fair,en-fr,10,1000,4.0,top1_b2a,0.982
en-fr-fair,fair,en-fr,10,1000,4.0,mexa_mutual,0.934
en-fr-fair,fair,en-fr,10,1000,4.0,hungarian,0.992
en-fr-fair,fair,en-fr,11,2009,,top1_a2b,0.9566948730711797
en-fr-fair,fair,en-fr,11,2009,,top1_b2a,0.9920358387257342
en-fr-fair,fair,en-fr,11,2009,,mexa_mutual,0.9507217521154804
en-fr-fair,fair,en-fr,11,2009,,hungarian,0.9990044798407167
en-fr-fair,fair,en-fr,11,1000,0.0,top1_a2b,0.967
en-fr-fair,fair,en-fr,11,1000,0.0,top1_b2a,0.993
en-fr-fair,fair,en-fr,11,1000,0.0,mexa_mutual,0.961
en-fr-fair,fair,en-fr,11,1000,0.0,hungarian,1.0
en-fr-fair,fair,en-fr,11,1000,1.0,top1_a2b,0.966
en-fr-fair,fair,en-fr,11,1000,1.0,top1_b2a,0.995
en-fr-fair,fair,en-fr,11,1000,1.0,mexa_mutual,0.961
en-fr-fair,fair,en-fr,11,1000,1.0,hungarian,0.998
en-fr-fair,fair,en-fr,11,1000,2.0,top1_a2b,0.958
en-fr-fair,fair,en-fr,11,1000,2.0,top1_b2a,0.992
en-fr-fair,fair,en-fr,11,1000,2.0,mexa_mutual,0.951
en-fr-fair,fair,en-fr,11,1000,2.0,hungarian,1.0
en-fr-fair,fair,en-fr,11,1000,3.0,top1_a2b,0.97
en-fr-fair,fair,en-fr,11,1000,3.0,top1_b2a,0.992
en-fr-fair,fair,en-fr,11,1000,3.0,mexa_mutual,0.964
en-fr-fair,fair,en-fr,11,1000,3.0,hungarian,1.0
en-fr-fair,fair,en-fr,11,1000,4.0,top1_a2b,0.965
en-fr-fair,fair,en-fr,11,1000,4.0,top1_b2a,0.993
en-fr-fair,fair,en-fr,11,1000,4.0,mexa_mutual,0.96
en-fr-fair,fair,en-fr,11,1000,4.0,hungarian,0.998
en-fr-fair,fair,en-fr,12,2009,,top1_a2b,0.9696366351418616
en-fr-fair,fair,en-fr,12,2009,,top1_b2a,0.9930313588850174
en-fr-fair,fair,en-fr,12,2009,,mexa_mutual,0.9641612742658039
en-fr-fair,fair,en-fr,12,2009,,hungarian,1.0
en-fr-fair,fair,en-fr,12,1000,0.0,top1_a2b,0.973
en-fr-fair,fair,en-fr,12,1000,0.0,top1_b2a,0.995
en-fr-fair,fair,en-fr,12,1000,0.0,mexa_mutual,0.969
en-fr-fair,fair,en-fr,12,1000,0.0,hungarian,1.0
en-fr-fair,fair,en-fr,12,1000,1.0,top1_a2b,0.979
en-fr-fair,fair,en-fr,12,1000,1.0,top1_b2a,0.995
en-fr-fair,fair,en-fr,12,1000,1.0,mexa_mutual,0.974
en-fr-fair,fair,en-fr,12,1000,1.0,hungarian,1.0
en-fr-fair,fair,en-fr,12,1000,2.0,top1_a2b,0.97
en-fr-fair,fair,en-fr,12,1000,2.0,top1_b2a,0.994
en-fr-fair,fair,en-fr,12,1000,2.0,mexa_mutual,0.965
en-fr-fair,fair,en-fr,12,1000,2.0,hungarian,1.0
en-fr-fair,fair,en-fr,12,1000,3.0,top1_a2b,0.976
en-fr-fair,fair,en-fr,12,1000,3.0,top1_b2a,0.993
en-fr-fair,fair,en-fr,12,1000,3.0,mexa_mutual,0.971
en-fr-fair,fair,en-fr,12,1000,3.0,hungarian,1.0
en-fr-fair,fair,en-fr,12,1000,4.0,top1_a2b,0.975
en-fr-fair,fair,en-fr,12,1000,4.0,top1_b2a,0.994
en-fr-fair,fair,en-fr,12,1000,4.0,mexa_mutual,0.97
en-fr-fair,fair,en-fr,12,1000,4.0,hungarian,1.0
en-fr-fair,fair,en-fr,13,2009,,top1_a2b,0.9835739173718268
en-fr-fair,fair,en-fr,13,2009,,top1_b2a,0.9970134395221503
en-fr-fair,fair,en-fr,13,2009,,mexa_mutual,0.9815828770532603
en-fr-fair,fair,en-fr,13,2009,,hungarian,1.0
en-fr-fair,fair,en-fr,13,1000,0.0,top1_a2b,0.99
en-fr-fair,fair,en-fr,13,1000,0.0,top1_b2a,0.997
en-fr-fair,fair,en-fr,13,1000,0.0,mexa_mutual,0.988
en-fr-fair,fair,en-fr,13,1000,0.0,hungarian,1.0
en-fr-fair,fair,en-fr,13,1000,1.0,top1_a2b,0.992
en-fr-fair,fair,en-fr,13,1000,1.0,top1_b2a,0.999
en-fr-fair,fair,en-fr,13,1000,1.0,mexa_mutual,0.991
en-fr-fair,fair,en-fr,13,1000,1.0,hungarian,1.0
en-fr-fair,fair,en-fr,13,1000,2.0,top1_a2b,0.986
en-fr-fair,fair,en-fr,13,1000,2.0,top1_b2a,0.997
en-fr-fair,fair,en-fr,13,1000,2.0,mexa_mutual,0.984
en-fr-fair,fair,en-fr,13,1000,2.0,hungarian,1.0
en-fr-fair,fair,en-fr,13,1000,3.0,top1_a2b,0.986
en-fr-fair,fair,en-fr,13,1000,3.0,top1_b2a,0.998
en-fr-fair,fair,en-fr,13,1000,3.0,mexa_mutual,0.985
en-fr-fair,fair,en-fr,13,1000,3.0,hungarian,1.0
en-fr-fair,fair,en-fr,13,1000,4.0,top1_a2b,0.986
en-fr-fair,fair,en-fr,13,1000,4.0,top1_b2a,0.998
en-fr-fair,fair,en-fr,13,1000,4.0,mexa_mutual,0.984
en-fr-fair,fair,en-fr,13,1000,4.0,hungarian,1.0
en-fr-fair,fair,en-fr,14,2009,,top1_a2b,0.9920358387257342
en-fr-fair,fair,en-fr,14,2009,,top1_b2a,0.9985067197610752
en-fr-fair,fair,en-fr,14,2009,,mexa_mutual,0.9915380786460926
en-fr-fair,fair,en-fr,14,2009,,hungarian,1.0
en-fr-fair,fair,en-fr,14,1000,0.0,top1_a2b,0.994
en-fr-fair,fair,en-fr,14,1000,0.0,top1_b2a,0.999
en-fr-fair,fair,en-fr,14,1000,0.0,mexa_mutual,0.994
en-fr-fair,fair,en-fr,14,1000,0.0,hungarian,1.0
en-fr-fair,fair,en-fr,14,1000,1.0,top1_a2b,0.996
en-fr-fair,fair,en-fr,14,1000,1.0,top1_b2a,0.999
en-fr-fair,fair,en-fr,14,1000,1.0,mexa_mutual,0.996
en-fr-fair,fair,en-fr,14,1000,1.0,hungarian,1.0
en-fr-fair,fair,en-fr,14,1000,2.0,top1_a2b,0.995
en-fr-fair,fair,en-fr,14,1000,2.0,top1_b2a,0.998
en-fr-fair,fair,en-fr,14,1000,2.0,mexa_mutual,0.994
en-fr-fair,fair,en-fr,14,1000,2.0,hungarian,1.0
en-fr-fair,fair,en-fr,14,1000,3.0,top1_a2b,0.992
en-fr-fair,fair,en-fr,14,1000,3.0,top1_b2a,0.999
en-fr-fair,fair,en-fr,14,1000,3.0,mexa_mutual,0.992
en-fr-fair,fair,en-fr,14,1000,3.0,hungarian,1.0
en-fr-fair,fair,en-fr,14,1000,4.0,top1_a2b,0.996
en-fr-fair,fair,en-fr,14,1000,4.0,top1_b2a,0.999
en-fr-fair,fair,en-fr,14,1000,4.0,mexa_mutual,0.996
en-fr-fair,fair,en-fr,14,1000,4.0,hungarian,1.0
en-fr-fair,fair,en-fr,15,2009,,top1_a2b,0.9865604778496765
en-fr-fair,fair,en-fr,15,2009,,top1_b2a,0.9915380786460926
en-fr-fair,fair,en-fr,15,2009,,mexa_mutual,0.9810851169736187
en-fr-fair,fair,en-fr,15,2009,,hungarian,1.0
en-fr-fair,fair,en-fr,15,1000,0.0,top1_a2b,0.991
en-fr-fair,fair,en-fr,15,1000,0.0,top1_b2a,0.993
en-fr-fair,fair,en-fr,15,1000,0.0,mexa_mutual,0.987
en-fr-fair,fair,en-fr,15,1000,0.0,hungarian,1.0
en-fr-fair,fair,en-fr,15,1000,1.0,top1_a2b,0.995
en-fr-fair,fair,en-fr,15,1000,1.0,top1_b2a,0.992
en-fr-fair,fair,en-fr,15,1000,1.0,mexa_mutual,0.989
en-fr-fair,fair,en-fr,15,1000,1.0,hungarian,1.0
en-fr-fair,fair,en-fr,15,1000,2.0,top1_a2b,0.992
en-fr-fair,fair,en-fr,15,1000,2.0,top1_b2a,0.992
en-fr-fair,fair,en-fr,15,1000,2.0,mexa_mutual,0.987
en-fr-fair,fair,en-fr,15,1000,2.0,hungarian,1.0
en-fr-fair,fair,en-fr,15,1000,3.0,top1_a2b,0.992
en-fr-fair,fair,en-fr,15,1000,3.0,top1_b2a,0.995
en-fr-fair,fair,en-fr,15,1000,3.0,mexa_mutual,0.989
en-fr-fair,fair,en-fr,15,1000,3.0,hungarian,1.0
en-fr-fair,fair,en-fr,15,1000,4.0,top1_a2b,0.991
en-fr-fair,fair,en-fr,15,1000,4.0,top1_b2a,0.995
en-fr-fair,fair,en-fr,15,1000,4.0,mexa_mutual,0.987
en-fr-fair,fair,en-fr,15,1000,4.0,hungarian,1.0
en-fr-fair,fair,en-fr,16,2009,,top1_a2b,0.9407665505226481
en-fr-fair,fair,en-fr,16,2009,,top1_b2a,0.6316575410652066
en-fr-fair,fair,en-fr,16,2009,,mexa_mutual,0.6057740169238427
en-fr-fair,fair,en-fr,16,2009,,hungarian,1.0
en-fr-fair,fair,en-fr,16,1000,0.0,top1_a2b,0.966
en-fr-fair,fair,en-fr,16,1000,0.0,top1_b2a,0.808
en-fr-fair,fair,en-fr,16,1000,0.0,mexa_mutual,0.789
en-fr-fair,fair,en-fr,16,1000,0.0,hungarian,1.0
en-fr-fair,fair,en-fr,16,1000,1.0,top1_a2b,0.964
en-fr-fair,fair,en-fr,16,1000,1.0,top1_b2a,0.66
en-fr-fair,fair,en-fr,16,1000,1.0,mexa_mutual,0.638
en-fr-fair,fair,en-fr,16,1000,1.0,hungarian,1.0
en-fr-fair,fair,en-fr,16,1000,2.0,top1_a2b,0.959
en-fr-fair,fair,en-fr,16,1000,2.0,top1_b2a,0.811
en-fr-fair,fair,en-fr,16,1000,2.0,mexa_mutual,0.78
en-fr-fair,fair,en-fr,16,1000,2.0,hungarian,1.0
en-fr-fair,fair,en-fr,16,1000,3.0,top1_a2b,0.953
en-fr-fair,fair,en-fr,16,1000,3.0,top1_b2a,0.653
en-fr-fair,fair,en-fr,16,1000,3.0,mexa_mutual,0.635
en-fr-fair,fair,en-fr,16,1000,3.0,hungarian,1.0
en-fr-fair,fair,en-fr,16,1000,4.0,top1_a2b,0.952
en-fr-fair,fair,en-fr,16,1000,4.0,top1_b2a,0.846
en-fr-fair,fair,en-fr,16,1000,4.0,mexa_mutual,0.813
en-fr-fair,fair,en-fr,16,1000,4.0,hungarian,1.0
en-zh-fair,fair,en-zh,0,2009,,top1_a2b,0.2707814833250373
en-zh-fair,fair,en-zh,0,2009,,top1_b2a,0.36436037829766055
en-zh-fair,fair,en-zh,0,2009,,mexa_mutual,0.17720258835241415
en-zh-fair,fair,en-zh,0,2009,,hungarian,0.5624688899950224
en-zh-fair,fair,en-zh,0,1000,0.0,top1_a2b,0.283
en-zh-fair,fair,en-zh,0,1000,0.0,top1_b2a,0.403
en-zh-fair,fair,en-zh,0,1000,0.0,mexa_mutual,0.187
en-zh-fair,fair,en-zh,0,1000,0.0,hungarian,0.605
en-zh-fair,fair,en-zh,0,1000,1.0,top1_a2b,0.306
en-zh-fair,fair,en-zh,0,1000,1.0,top1_b2a,0.407
en-zh-fair,fair,en-zh,0,1000,1.0,mexa_mutual,0.218
en-zh-fair,fair,en-zh,0,1000,1.0,hungarian,0.588
en-zh-fair,fair,en-zh,0,1000,2.0,top1_a2b,0.305
en-zh-fair,fair,en-zh,0,1000,2.0,top1_b2a,0.404
en-zh-fair,fair,en-zh,0,1000,2.0,mexa_mutual,0.207
en-zh-fair,fair,en-zh,0,1000,2.0,hungarian,0.6
en-zh-fair,fair,en-zh,0,1000,3.0,top1_a2b,0.303
en-zh-fair,fair,en-zh,0,1000,3.0,top1_b2a,0.418
en-zh-fair,fair,en-zh,0,1000,3.0,mexa_mutual,0.209
en-zh-fair,fair,en-zh,0,1000,3.0,hungarian,0.617
en-zh-fair,fair,en-zh,0,1000,4.0,top1_a2b,0.299
en-zh-fair,fair,en-zh,0,1000,4.0,top1_b2a,0.419
en-zh-fair,fair,en-zh,0,1000,4.0,mexa_mutual,0.212
en-zh-fair,fair,en-zh,0,1000,4.0,hungarian,0.611
en-zh-fair,fair,en-zh,1,2009,,top1_a2b,0.5798904927824788
en-zh-fair,fair,en-zh,1,2009,,top1_b2a,0.6829268292682927
en-zh-fair,fair,en-zh,1,2009,,mexa_mutual,0.4315579890492782
en-zh-fair,fair,en-zh,1,2009,,hungarian,0.9790940766550522
en-zh-fair,fair,en-zh,1,1000,0.0,top1_a2b,0.616
en-zh-fair,fair,en-zh,1,1000,0.0,top1_b2a,0.701
en-zh-fair,fair,en-zh,1,1000,0.0,mexa_mutual,0.459
en-zh-fair,fair,en-zh,1,1000,0.0,hungarian,0.983
en-zh-fair,fair,en-zh,1,1000,1.0,top1_a2b,0.62
en-zh-fair,fair,en-zh,1,1000,1.0,top1_b2a,0.711
en-zh-fair,fair,en-zh,1,1000,1.0,mexa_mutual,0.466
en-zh-fair,fair,en-zh,1,1000,1.0,hungarian,0.984
en-zh-fair,fair,en-zh,1,1000,2.0,top1_a2b,0.623
en-zh-fair,fair,en-zh,1,1000,2.0,top1_b2a,0.736
en-zh-fair,fair,en-zh,1,1000,2.0,mexa_mutual,0.482
en-zh-fair,fair,en-zh,1,1000,2.0,hungarian,0.996
en-zh-fair,fair,en-zh,1,1000,3.0,top1_a2b,0.605
en-zh-fair,fair,en-zh,1,1000,3.0,top1_b2a,0.7
en-zh-fair,fair,en-zh,1,1000,3.0,mexa_mutual,0.454
en-zh-fair,fair,en-zh,1,1000,3.0,hungarian,0.975
en-zh-fair,fair,en-zh,1,1000,4.0,top1_a2b,0.633
en-zh-fair,fair,en-zh,1,1000,4.0,top1_b2a,0.729
en-zh-fair,fair,en-zh,1,1000,4.0,mexa_mutual,0.484
en-zh-fair,fair,en-zh,1,1000,4.0,hungarian,0.985
en-zh-fair,fair,en-zh,2,2009,,top1_a2b,0.6570433051269288
en-zh-fair,fair,en-zh,2,2009,,top1_b2a,0.8322548531607765
en-zh-fair,fair,en-zh,2,2009,,mexa_mutual,0.5923344947735192
en-zh-fair,fair,en-zh,2,2009,,hungarian,0.9711299153807864
en-zh-fair,fair,en-zh,2,1000,0.0,top1_a2b,0.686
en-zh-fair,fair,en-zh,2,1000,0.0,top1_b2a,0.864
en-zh-fair,fair,en-zh,2,1000,0.0,mexa_mutual,0.631
en-zh-fair,fair,en-zh,2,1000,0.0,hungarian,0.975
en-zh-fair,fair,en-zh,2,1000,1.0,top1_a2b,0.692
en-zh-fair,fair,en-zh,2,1000,1.0,top1_b2a,0.858
en-zh-fair,fair,en-zh,2,1000,1.0,mexa_mutual,0.632
en-zh-fair,fair,en-zh,2,1000,1.0,hungarian,0.975
en-zh-fair,fair,en-zh,2,1000,2.0,top1_a2b,0.698
en-zh-fair,fair,en-zh,2,1000,2.0,top1_b2a,0.859
en-zh-fair,fair,en-zh,2,1000,2.0,mexa_mutual,0.641
en-zh-fair,fair,en-zh,2,1000,2.0,hungarian,0.973
en-zh-fair,fair,en-zh,2,1000,3.0,top1_a2b,0.664
en-zh-fair,fair,en-zh,2,1000,3.0,top1_b2a,0.849
en-zh-fair,fair,en-zh,2,1000,3.0,mexa_mutual,0.609
en-zh-fair,fair,en-zh,2,1000,3.0,hungarian,0.967
en-zh-fair,fair,en-zh,2,1000,4.0,top1_a2b,0.7
en-zh-fair,fair,en-zh,2,1000,4.0,top1_b2a,0.862
en-zh-fair,fair,en-zh,2,1000,4.0,mexa_mutual,0.642
en-zh-fair,fair,en-zh,2,1000,4.0,hungarian,0.976
en-zh-fair,fair,en-zh,3,2009,,top1_a2b,0.6779492284718766
en-zh-fair,fair,en-zh,3,2009,,top1_b2a,0.8367346938775511
en-zh-fair,fair,en-zh,3,2009,,mexa_mutual,0.6132404181184669
en-zh-fair,fair,en-zh,3,2009,,hungarian,0.9706321553011449
en-zh-fair,fair,en-zh,3,1000,0.0,top1_a2b,0.692
en-zh-fair,fair,en-zh,3,1000,0.0,top1_b2a,0.871
en-zh-fair,fair,en-zh,3,1000,0.0,mexa_mutual,0.644
en-zh-fair,fair,en-zh,3,1000,0.0,hungarian,0.974
en-zh-fair,fair,en-zh,3,1000,1.0,top1_a2b,0.712
en-zh-fair,fair,en-zh,3,1000,1.0,top1_b2a,0.856
en-zh-fair,fair,en-zh,3,1000,1.0,mexa_mutual,0.654
en-zh-fair,fair,en-zh,3,1000,1.0,hungarian,0.975
en-zh-fair,fair,en-zh,3,1000,2.0,top1_a2b,0.705
en-zh-fair,fair,en-zh,3,1000,2.0,top1_b2a,0.865
en-zh-fair,fair,en-zh,3,1000,2.0,mexa_mutual,0.651
en-zh-fair,fair,en-zh,3,1000,2.0,hungarian,0.976
en-zh-fair,fair,en-zh,3,1000,3.0,top1_a2b,0.697
en-zh-fair,fair,en-zh,3,1000,3.0,top1_b2a,0.86
en-zh-fair,fair,en-zh,3,1000,3.0,mexa_mutual,0.643
en-zh-fair,fair,en-zh,3,1000,3.0,hungarian,0.968
en-zh-fair,fair,en-zh,3,1000,4.0,top1_a2b,0.712
en-zh-fair,fair,en-zh,3,1000,4.0,top1_b2a,0.861
en-zh-fair,fair,en-zh,3,1000,4.0,mexa_mutual,0.652
en-zh-fair,fair,en-zh,3,1000,4.0,hungarian,0.977
en-zh-fair,fair,en-zh,4,2009,,top1_a2b,0.7511199601791936
en-zh-fair,fair,en-zh,4,2009,,top1_b2a,0.8531607765057242
en-zh-fair,fair,en-zh,4,2009,,mexa_mutual,0.6874066699850672
en-zh-fair,fair,en-zh,4,2009,,hungarian,0.987058237929318
en-zh-fair,fair,en-zh,4,1000,0.0,top1_a2b,0.775
en-zh-fair,fair,en-zh,4,1000,0.0,top1_b2a,0.886
en-zh-fair,fair,en-zh,4,1000,0.0,mexa_mutual,0.729
en-zh-fair,fair,en-zh,4,1000,0.0,hungarian,0.986
en-zh-fair,fair,en-zh,4,1000,1.0,top1_a2b,0.794
en-zh-fair,fair,en-zh,4,1000,1.0,top1_b2a,0.867
en-zh-fair,fair,en-zh,4,1000,1.0,mexa_mutual,0.723
en-zh-fair,fair,en-zh,4,1000,1.0,hungarian,0.995
en-zh-fair,fair,en-zh,4,1000,2.0,top1_a2b,0.775
en-zh-fair,fair,en-zh,4,1000,2.0,top1_b2a,0.875
en-zh-fair,fair,en-zh,4,1000,2.0,mexa_mutual,0.718
en-zh-fair,fair,en-zh,4,1000,2.0,hungarian,0.994
en-zh-fair,fair,en-zh,4,1000,3.0,top1_a2b,0.775
en-zh-fair,fair,en-zh,4,1000,3.0,top1_b2a,0.875
en-zh-fair,fair,en-zh,4,1000,3.0,mexa_mutual,0.724
en-zh-fair,fair,en-zh,4,1000,3.0,hungarian,0.99
en-zh-fair,fair,en-zh,4,1000,4.0,top1_a2b,0.797
en-zh-fair,fair,en-zh,4,1000,4.0,top1_b2a,0.876
en-zh-fair,fair,en-zh,4,1000,4.0,mexa_mutual,0.734
en-zh-fair,fair,en-zh,4,1000,4.0,hungarian,0.99
en-zh-fair,fair,en-zh,5,2009,,top1_a2b,0.624688899950224
en-zh-fair,fair,en-zh,5,2009,,top1_b2a,0.7003484320557491
en-zh-fair,fair,en-zh,5,2009,,mexa_mutual,0.5146839223494276
en-zh-fair,fair,en-zh,5,2009,,hungarian,0.8332503733200597
en-zh-fair,fair,en-zh,5,1000,0.0,top1_a2b,0.637
en-zh-fair,fair,en-zh,5,1000,0.0,top1_b2a,0.719
en-zh-fair,fair,en-zh,5,1000,0.0,mexa_mutual,0.519
en-zh-fair,fair,en-zh,5,1000,0.0,hungarian,0.855
en-zh-fair,fair,en-zh,5,1000,1.0,top1_a2b,0.648
en-zh-fair,fair,en-zh,5,1000,1.0,top1_b2a,0.735
en-zh-fair,fair,en-zh,5,1000,1.0,mexa_mutual,0.542
en-zh-fair,fair,en-zh,5,1000,1.0,hungarian,0.862
en-zh-fair,fair,en-zh,5,1000,2.0,top1_a2b,0.653
en-zh-fair,fair,en-zh,5,1000,2.0,top1_b2a,0.727
en-zh-fair,fair,en-zh,5,1000,2.0,mexa_mutual,0.548
en-zh-fair,fair,en-zh,5,1000,2.0,hungarian,0.854
en-zh-fair,fair,en-zh,5,1000,3.0,top1_a2b,0.643
en-zh-fair,fair,en-zh,5,1000,3.0,top1_b2a,0.708
en-zh-fair,fair,en-zh,5,1000,3.0,mexa_mutual,0.54
en-zh-fair,fair,en-zh,5,1000,3.0,hungarian,0.836
en-zh-fair,fair,en-zh,5,1000,4.0,top1_a2b,0.643
en-zh-fair,fair,en-zh,5,1000,4.0,top1_b2a,0.736
en-zh-fair,fair,en-zh,5,1000,4.0,mexa_mutual,0.538
en-zh-fair,fair,en-zh,5,1000,4.0,hungarian,0.857
en-zh-fair,fair,en-zh,6,2009,,top1_a2b,0.7322050771528124
en-zh-fair,fair,en-zh,6,2009,,top1_b2a,0.8382279741164759
en-zh-fair,fair,en-zh,6,2009,,mexa_mutual,0.6371329019412643
en-zh-fair,fair,en-zh,6,2009,,hungarian,0.9342956694873071
en-zh-fair,fair,en-zh,6,1000,0.0,top1_a2b,0.743
en-zh-fair,fair,en-zh,6,1000,0.0,top1_b2a,0.862
en-zh-fair,fair,en-zh,6,1000,0.0,mexa_mutual,0.652
en-zh-fair,fair,en-zh,6,1000,0.0,hungarian,0.945
en-zh-fair,fair,en-zh,6,1000,1.0,top1_a2b,0.747
en-zh-fair,fair,en-zh,6,1000,1.0,top1_b2a,0.869
en-zh-fair,fair,en-zh,6,1000,1.0,mexa_mutual,0.666
en-zh-fair,fair,en-zh,6,1000,1.0,hungarian,0.949
en-zh-fair,fair,en-zh,6,1000,2.0,top1_a2b,0.762
en-zh-fair,fair,en-zh,6,1000,2.0,top1_b2a,0.862
en-zh-fair,fair,en-zh,6,1000,2.0,mexa_mutual,0.672
en-zh-fair,fair,en-zh,6,1000,2.0,hungarian,0.959
en-zh-fair,fair,en-zh,6,1000,3.0,top1_a2b,0.742
en-zh-fair,fair,en-zh,6,1000,3.0,top1_b2a,0.851
en-zh-fair,fair,en-zh,6,1000,3.0,mexa_mutual,0.652
en-zh-fair,fair,en-zh,6,1000,3.0,hungarian,0.96
en-zh-fair,fair,en-zh,6,1000,4.0,top1_a2b,0.736
en-zh-fair,fair,en-zh,6,1000,4.0,top1_b2a,0.866
en-zh-fair,fair,en-zh,6,1000,4.0,mexa_mutual,0.654
en-zh-fair,fair,en-zh,6,1000,4.0,hungarian,0.953
en-zh-fair,fair,en-zh,7,2009,,top1_a2b,0.8456943753111
en-zh-fair,fair,en-zh,7,2009,,top1_b2a,0.9178695868591339
en-zh-fair,fair,en-zh,7,2009,,mexa_mutual,0.7775012444001991
en-zh-fair,fair,en-zh,7,2009,,hungarian,0.9895470383275261
en-zh-fair,fair,en-zh,7,1000,0.0,top1_a2b,0.855
en-zh-fair,fair,en-zh,7,1000,0.0,top1_b2a,0.926
en-zh-fair,fair,en-zh,7,1000,0.0,mexa_mutual,0.789
en-zh-fair,fair,en-zh,7,1000,0.0,hungarian,0.993
en-zh-fair,fair,en-zh,7,1000,1.0,top1_a2b,0.863
en-zh-fair,fair,en-zh,7,1000,1.0,top1_b2a,0.938
en-zh-fair,fair,en-zh,7,1000,1.0,mexa_mutual,0.812
en-zh-fair,fair,en-zh,7,1000,1.0,hungarian,0.993
en-zh-fair,fair,en-zh,7,1000,2.0,top1_a2b,0.86
en-zh-fair,fair,en-zh,7,1000,2.0,top1_b2a,0.928
en-zh-fair,fair,en-zh,7,1000,2.0,mexa_mutual,0.795
en-zh-fair,fair,en-zh,7,1000,2.0,hungarian,0.998
en-zh-fair,fair,en-zh,7,1000,3.0,top1_a2b,0.855
en-zh-fair,fair,en-zh,7,1000,3.0,top1_b2a,0.922
en-zh-fair,fair,en-zh,7,1000,3.0,mexa_mutual,0.786
en-zh-fair,fair,en-zh,7,1000,3.0,hungarian,0.998
en-zh-fair,fair,en-zh,7,1000,4.0,top1_a2b,0.857
en-zh-fair,fair,en-zh,7,1000,4.0,top1_b2a,0.94
en-zh-fair,fair,en-zh,7,1000,4.0,mexa_mutual,0.803
en-zh-fair,fair,en-zh,7,1000,4.0,hungarian,0.998
en-zh-fair,fair,en-zh,8,2009,,top1_a2b,0.8885017421602788
en-zh-fair,fair,en-zh,8,2009,,top1_b2a,0.93827775012444
en-zh-fair,fair,en-zh,8,2009,,mexa_mutual,0.8307615729218517
en-zh-fair,fair,en-zh,8,2009,,hungarian,0.9980089596814335
en-zh-fair,fair,en-zh,8,1000,0.0,top1_a2b,0.896
en-zh-fair,fair,en-zh,8,1000,0.0,top1_b2a,0.944
en-zh-fair,fair,en-zh,8,1000,0.0,mexa_mutual,0.841
en-zh-fair,fair,en-zh,8,1000,0.0,hungarian,1.0
en-zh-fair,fair,en-zh,8,1000,1.0,top1_a2b,0.904
en-zh-fair,fair,en-zh,8,1000,1.0,top1_b2a,0.949
en-zh-fair,fair,en-zh,8,1000,1.0,mexa_mutual,0.854
en-zh-fair,fair,en-zh,8,1000,1.0,hungarian,0.998
en-zh-fair,fair,en-zh,8,1000,2.0,top1_a2b,0.903
en-zh-fair,fair,en-zh,8,1000,2.0,top1_b2a,0.95
en-zh-fair,fair,en-zh,8,1000,2.0,mexa_mutual,0.855
en-zh-fair,fair,en-zh,8,1000,2.0,hungarian,0.998
en-zh-fair,fair,en-zh,8,1000,3.0,top1_a2b,0.891
en-zh-fair,fair,en-zh,8,1000,3.0,top1_b2a,0.94
en-zh-fair,fair,en-zh,8,1000,3.0,mexa_mutual,0.832
en-zh-fair,fair,en-zh,8,1000,3.0,hungarian,1.0
en-zh-fair,fair,en-zh,8,1000,4.0,top1_a2b,0.897
en-zh-fair,fair,en-zh,8,1000,4.0,top1_b2a,0.956
en-zh-fair,fair,en-zh,8,1000,4.0,mexa_mutual,0.853
en-zh-fair,fair,en-zh,8,1000,4.0,hungarian,1.0
en-zh-fair,fair,en-zh,9,2009,,top1_a2b,0.9059233449477352
en-zh-fair,fair,en-zh,9,2009,,top1_b2a,0.9357889497262319
en-zh-fair,fair,en-zh,9,2009,,mexa_mutual,0.8456943753111
en-zh-fair,fair,en-zh,9,2009,,hungarian,0.9990044798407167
en-zh-fair,fair,en-zh,9,1000,0.0,top1_a2b,0.915
en-zh-fair,fair,en-zh,9,1000,0.0,top1_b2a,0.941
en-zh-fair,fair,en-zh,9,1000,0.0,mexa_mutual,0.858
en-zh-fair,fair,en-zh,9,1000,0.0,hungarian,1.0
en-zh-fair,fair,en-zh,9,1000,1.0,top1_a2b,0.926
en-zh-fair,fair,en-zh,9,1000,1.0,top1_b2a,0.943
en-zh-fair,fair,en-zh,9,1000,1.0,mexa_mutual,0.871
en-zh-fair,fair,en-zh,9,1000,1.0,hungarian,0.998
en-zh-fair,fair,en-zh,9,1000,2.0,top1_a2b,0.919
en-zh-fair,fair,en-zh,9,1000,2.0,top1_b2a,0.946
en-zh-fair,fair,en-zh,9,1000,2.0,mexa_mutual,0.868
en-zh-fair,fair,en-zh,9,1000,2.0,hungarian,1.0
en-zh-fair,fair,en-zh,9,1000,3.0,top1_a2b,0.912
en-zh-fair,fair,en-zh,9,1000,3.0,top1_b2a,0.941
en-zh-fair,fair,en-zh,9,1000,3.0,mexa_mutual,0.854
en-zh-fair,fair,en-zh,9,1000,3.0,hungarian,1.0
en-zh-fair,fair,en-zh,9,1000,4.0,top1_a2b,0.917
en-zh-fair,fair,en-zh,9,1000,4.0,top1_b2a,0.955
en-zh-fair,fair,en-zh,9,1000,4.0,mexa_mutual,0.872
en-zh-fair,fair,en-zh,9,1000,4.0,hungarian,1.0
en-zh-fair,fair,en-zh,10,2009,,top1_a2b,0.9173718267794922
en-zh-fair,fair,en-zh,10,2009,,top1_b2a,0.947237431557989
en-zh-fair,fair,en-zh,10,2009,,mexa_mutual,0.8695868591338974
en-zh-fair,fair,en-zh,10,2009,,hungarian,0.9990044798407167
en-zh-fair,fair,en-zh,10,1000,0.0,top1_a2b,0.927
en-zh-fair,fair,en-zh,10,1000,0.0,top1_b2a,0.952
en-zh-fair,fair,en-zh,10,1000,0.0,mexa_mutual,0.881
en-zh-fair,fair,en-zh,10,1000,0.0,hungarian,1.0
en-zh-fair,fair,en-zh,10,1000,1.0,top1_a2b,0.942
en-zh-fair,fair,en-zh,10,1000,1.0,top1_b2a,0.955
en-zh-fair,fair,en-zh,10,1000,1.0,mexa_mutual,0.901
en-zh-fair,fair,en-zh,10,1000,1.0,hungarian,0.998
en-zh-fair,fair,en-zh,10,1000,2.0,top1_a2b,0.933
en-zh-fair,fair,en-zh,10,1000,2.0,top1_b2a,0.954
en-zh-fair,fair,en-zh,10,1000,2.0,mexa_mutual,0.891
en-zh-fair,fair,en-zh,10,1000,2.0,hungarian,1.0
en-zh-fair,fair,en-zh,10,1000,3.0,top1_a2b,0.928
en-zh-fair,fair,en-zh,10,1000,3.0,top1_b2a,0.952
en-zh-fair,fair,en-zh,10,1000,3.0,mexa_mutual,0.881
en-zh-fair,fair,en-zh,10,1000,3.0,hungarian,1.0
en-zh-fair,fair,en-zh,10,1000,4.0,top1_a2b,0.933
en-zh-fair,fair,en-zh,10,1000,4.0,top1_b2a,0.964
en-zh-fair,fair,en-zh,10,1000,4.0,mexa_mutual,0.897
en-zh-fair,fair,en-zh,10,1000,4.0,hungarian,1.0
en-zh-fair,fair,en-zh,11,2009,,top1_a2b,0.9328023892483823
en-zh-fair,fair,en-zh,11,2009,,top1_b2a,0.944748631159781
en-zh-fair,fair,en-zh,11,2009,,mexa_mutual,0.883026381284221
en-zh-fair,fair,en-zh,11,2009,,hungarian,0.9990044798407167
en-zh-fair,fair,en-zh,11,1000,0.0,top1_a2b,0.947
en-zh-fair,fair,en-zh,11,1000,0.0,top1_b2a,0.946
en-zh-fair,fair,en-zh,11,1000,0.0,mexa_mutual,0.896
en-zh-fair,fair,en-zh,11,1000,0.0,hungarian,1.0
en-zh-fair,fair,en-zh,11,1000,1.0,top1_a2b,0.957
en-zh-fair,fair,en-zh,11,1000,1.0,top1_b2a,0.954
en-zh-fair,fair,en-zh,11,1000,1.0,mexa_mutual,0.915
en-zh-fair,fair,en-zh,11,1000,1.0,hungarian,0.998
en-zh-fair,fair,en-zh,11,1000,2.0,top1_a2b,0.953
en-zh-fair,fair,en-zh,11,1000,2.0,top1_b2a,0.958
en-zh-fair,fair,en-zh,11,1000,2.0,mexa_mutual,0.915
en-zh-fair,fair,en-zh,11,1000,2.0,hungarian,1.0
en-zh-fair,fair,en-zh,11,1000,3.0,top1_a2b,0.945
en-zh-fair,fair,en-zh,11,1000,3.0,top1_b2a,0.944
en-zh-fair,fair,en-zh,11,1000,3.0,mexa_mutual,0.892
en-zh-fair,fair,en-zh,11,1000,3.0,hungarian,1.0
en-zh-fair,fair,en-zh,11,1000,4.0,top1_a2b,0.947
en-zh-fair,fair,en-zh,11,1000,4.0,top1_b2a,0.958
en-zh-fair,fair,en-zh,11,1000,4.0,mexa_mutual,0.908
en-zh-fair,fair,en-zh,11,1000,4.0,hungarian,1.0
en-zh-fair,fair,en-zh,12,2009,,top1_a2b,0.9387755102040817
en-zh-fair,fair,en-zh,12,2009,,top1_b2a,0.9542060726729716
en-zh-fair,fair,en-zh,12,2009,,mexa_mutual,0.8994524639123942
en-zh-fair,fair,en-zh,12,2009,,hungarian,0.9980089596814335
en-zh-fair,fair,en-zh,12,1000,0.0,top1_a2b,0.954
en-zh-fair,fair,en-zh,12,1000,0.0,top1_b2a,0.956
en-zh-fair,fair,en-zh,12,1000,0.0,mexa_mutual,0.915
en-zh-fair,fair,en-zh,12,1000,0.0,hungarian,0.998
en-zh-fair,fair,en-zh,12,1000,1.0,top1_a2b,0.96
en-zh-fair,fair,en-zh,12,1000,1.0,top1_b2a,0.959
en-zh-fair,fair,en-zh,12,1000,1.0,mexa_mutual,0.925
en-zh-fair,fair,en-zh,12,1000,1.0,hungarian,0.998
en-zh-fair,fair,en-zh,12,1000,2.0,top1_a2b,0.952
en-zh-fair,fair,en-zh,12,1000,2.0,top1_b2a,0.967
en-zh-fair,fair,en-zh,12,1000,2.0,mexa_mutual,0.923
en-zh-fair,fair,en-zh,12,1000,2.0,hungarian,1.0
en-zh-fair,fair,en-zh,12,1000,3.0,top1_a2b,0.955
en-zh-fair,fair,en-zh,12,1000,3.0,top1_b2a,0.953
en-zh-fair,fair,en-zh,12,1000,3.0,mexa_mutual,0.912
en-zh-fair,fair,en-zh,12,1000,3.0,hungarian,1.0
en-zh-fair,fair,en-zh,12,1000,4.0,top1_a2b,0.955
en-zh-fair,fair,en-zh,12,1000,4.0,top1_b2a,0.97
en-zh-fair,fair,en-zh,12,1000,4.0,mexa_mutual,0.93
en-zh-fair,fair,en-zh,12,1000,4.0,hungarian,1.0
en-zh-fair,fair,en-zh,13,2009,,top1_a2b,0.9467396714783475
en-zh-fair,fair,en-zh,13,2009,,top1_b2a,0.9606769537083126
en-zh-fair,fair,en-zh,13,2009,,mexa_mutual,0.9178695868591339
en-zh-fair,fair,en-zh,13,2009,,hungarian,0.9970134395221503
en-zh-fair,fair,en-zh,13,1000,0.0,top1_a2b,0.96
en-zh-fair,fair,en-zh,13,1000,0.0,top1_b2a,0.962
en-zh-fair,fair,en-zh,13,1000,0.0,mexa_mutual,0.929
en-zh-fair,fair,en-zh,13,1000,0.0,hungarian,0.998
en-zh-fair,fair,en-zh,13,1000,1.0,top1_a2b,0.963
en-zh-fair,fair,en-zh,13,1000,1.0,top1_b2a,0.968
en-zh-fair,fair,en-zh,13,1000,1.0,mexa_mutual,0.939
en-zh-fair,fair,en-zh,13,1000,1.0,hungarian,0.998
en-zh-fair,fair,en-zh,13,1000,2.0,top1_a2b,0.96
en-zh-fair,fair,en-zh,13,1000,2.0,top1_b2a,0.972
en-zh-fair,fair,en-zh,13,1000,2.0,mexa_mutual,0.937
en-zh-fair,fair,en-zh,13,1000,2.0,hungarian,0.998
en-zh-fair,fair,en-zh,13,1000,3.0,top1_a2b,0.967
en-zh-fair,fair,en-zh,13,1000,3.0,top1_b2a,0.962
en-zh-fair,fair,en-zh,13,1000,3.0,mexa_mutual,0.933
en-zh-fair,fair,en-zh,13,1000,3.0,hungarian,1.0
en-zh-fair,fair,en-zh,13,1000,4.0,top1_a2b,0.962
en-zh-fair,fair,en-zh,13,1000,4.0,top1_b2a,0.976
en-zh-fair,fair,en-zh,13,1000,4.0,mexa_mutual,0.945
en-zh-fair,fair,en-zh,13,1000,4.0,hungarian,1.0
en-zh-fair,fair,en-zh,14,2009,,top1_a2b,0.9442508710801394
en-zh-fair,fair,en-zh,14,2009,,top1_b2a,0.9507217521154804
en-zh-fair,fair,en-zh,14,2009,,mexa_mutual,0.9094076655052264
en-zh-fair,fair,en-zh,14,2009,,hungarian,0.9965156794425087
en-zh-fair,fair,en-zh,14,1000,0.0,top1_a2b,0.963
en-zh-fair,fair,en-zh,14,1000,0.0,top1_b2a,0.959
en-zh-fair,fair,en-zh,14,1000,0.0,mexa_mutual,0.93
en-zh-fair,fair,en-zh,14,1000,0.0,hungarian,0.998
en-zh-fair,fair,en-zh,14,1000,1.0,top1_a2b,0.964
en-zh-fair,fair,en-zh,14,1000,1.0,top1_b2a,0.952
en-zh-fair,fair,en-zh,14,1000,1.0,mexa_mutual,0.929
en-zh-fair,fair,en-zh,14,1000,1.0,hungarian,0.998
en-zh-fair,fair,en-zh,14,1000,2.0,top1_a2b,0.954
en-zh-fair,fair,en-zh,14,1000,2.0,top1_b2a,0.961
en-zh-fair,fair,en-zh,14,1000,2.0,mexa_mutual,0.925
en-zh-fair,fair,en-zh,14,1000,2.0,hungarian,0.998
en-zh-fair,fair,en-zh,14,1000,3.0,top1_a2b,0.964
en-zh-fair,fair,en-zh,14,1000,3.0,top1_b2a,0.953
en-zh-fair,fair,en-zh,14,1000,3.0,mexa_mutual,0.926
en-zh-fair,fair,en-zh,14,1000,3.0,hungarian,1.0
en-zh-fair,fair,en-zh,14,1000,4.0,top1_a2b,0.959
en-zh-fair,fair,en-zh,14,1000,4.0,top1_b2a,0.966
en-zh-fair,fair,en-zh,14,1000,4.0,mexa_mutual,0.934
en-zh-fair,fair,en-zh,14,1000,4.0,hungarian,1.0
en-zh-fair,fair,en-zh,15,2009,,top1_a2b,0.7600796416127427
en-zh-fair,fair,en-zh,15,2009,,top1_b2a,0.8193130910900945
en-zh-fair,fair,en-zh,15,2009,,mexa_mutual,0.6575410652065704
en-zh-fair,fair,en-zh,15,2009,,hungarian,0.9980089596814335
en-zh-fair,fair,en-zh,15,1000,0.0,top1_a2b,0.827
en-zh-fair,fair,en-zh,15,1000,0.0,top1_b2a,0.871
en-zh-fair,fair,en-zh,15,1000,0.0,mexa_mutual,0.738
en-zh-fair,fair,en-zh,15,1000,0.0,hungarian,0.998
en-zh-fair,fair,en-zh,15,1000,1.0,top1_a2b,0.841
en-zh-fair,fair,en-zh,15,1000,1.0,top1_b2a,0.846
en-zh-fair,fair,en-zh,15,1000,1.0,mexa_mutual,0.744
en-zh-fair,fair,en-zh,15,1000,1.0,hungarian,1.0
en-zh-fair,fair,en-zh,15,1000,2.0,top1_a2b,0.796
en-zh-fair,fair,en-zh,15,1000,2.0,top1_b2a,0.867
en-zh-fair,fair,en-zh,15,1000,2.0,mexa_mutual,0.717
en-zh-fair,fair,en-zh,15,1000,2.0,hungarian,0.998
en-zh-fair,fair,en-zh,15,1000,3.0,top1_a2b,0.804
en-zh-fair,fair,en-zh,15,1000,3.0,top1_b2a,0.855
en-zh-fair,fair,en-zh,15,1000,3.0,mexa_mutual,0.714
en-zh-fair,fair,en-zh,15,1000,3.0,hungarian,1.0
en-zh-fair,fair,en-zh,15,1000,4.0,top1_a2b,0.824
en-zh-fair,fair,en-zh,15,1000,4.0,top1_b2a,0.878
en-zh-fair,fair,en-zh,15,1000,4.0,mexa_mutual,0.744
en-zh-fair,fair,en-zh,15,1000,4.0,hungarian,1.0
en-zh-fair,fair,en-zh,16,2009,,top1_a2b,0.0273768043802887
en-zh-fair,fair,en-zh,16,2009,,top1_b2a,0.07914385266301642
en-zh-fair,fair,en-zh,16,2009,,mexa_mutual,0.014932802389248382
en-zh-fair,fair,en-zh,16,2009,,hungarian,1.0
en-zh-fair,fair,en-zh,16,1000,0.0,top1_a2b,0.034
en-zh-fair,fair,en-zh,16,1000,0.0,top1_b2a,0.096
en-zh-fair,fair,en-zh,16,1000,0.0,mexa_mutual,0.018
en-zh-fair,fair,en-zh,16,1000,0.0,hungarian,1.0
en-zh-fair,fair,en-zh,16,1000,1.0,top1_a2b,0.034
en-zh-fair,fair,en-zh,16,1000,1.0,top1_b2a,0.163
en-zh-fair,fair,en-zh,16,1000,1.0,mexa_mutual,0.024
en-zh-fair,fair,en-zh,16,1000,1.0,hungarian,1.0
en-zh-fair,fair,en-zh,16,1000,2.0,top1_a2b,0.048
en-zh-fair,fair,en-zh,16,1000,2.0,top1_b2a,0.082
en-zh-fair,fair,en-zh,16,1000,2.0,mexa_mutual,0.019
en-zh-fair,fair,en-zh,16,1000,2.0,hungarian,1.0
en-zh-fair,fair,en-zh,16,1000,3.0,top1_a2b,0.031
en-zh-fair,fair,en-zh,16,1000,3.0,top1_b2a,0.088
en-zh-fair,fair,en-zh,16,1000,3.0,mexa_mutual,0.02
en-zh-fair,fair,en-zh,16,1000,3.0,hungarian,1.0
en-zh-fair,fair,en-zh,16,1000,4.0,top1_a2b,0.058
en-zh-fair,fair,en-zh,16,1000,4.0,top1_b2a,0.093
en-zh-fair,fair,en-zh,16,1000,4.0,mexa_mutual,0.027
en-zh-fair,fair,en-zh,16,1000,4.0,hungarian,1.0
en-ar-starved,starved,en-ar,0,2009,,top1_a2b,0.039820806371329016
en-ar-starved,starved,en-ar,0,2009,,top1_b2a,0.03882528621204579
en-ar-starved,starved,en-ar,0,2009,,mexa_mutual,0.024390243902439025
en-ar-starved,starved,en-ar,0,2009,,hungarian,0.049776007964161276
en-ar-starved,starved,en-ar,0,1000,0.0,top1_a2b,0.047
en-ar-starved,starved,en-ar,0,1000,0.0,top1_b2a,0.049
en-ar-starved,starved,en-ar,0,1000,0.0,mexa_mutual,0.023
en-ar-starved,starved,en-ar,0,1000,0.0,hungarian,0.06
en-ar-starved,starved,en-ar,0,1000,1.0,top1_a2b,0.052
en-ar-starved,starved,en-ar,0,1000,1.0,top1_b2a,0.053
en-ar-starved,starved,en-ar,0,1000,1.0,mexa_mutual,0.032
en-ar-starved,starved,en-ar,0,1000,1.0,hungarian,0.067
en-ar-starved,starved,en-ar,0,1000,2.0,top1_a2b,0.056
en-ar-starved,starved,en-ar,0,1000,2.0,top1_b2a,0.053
en-ar-starved,starved,en-ar,0,1000,2.0,mexa_mutual,0.033
en-ar-starved,starved,en-ar,0,1000,2.0,hungarian,0.065
en-ar-starved,starved,en-ar,0,1000,3.0,top1_a2b,0.062
en-ar-starved,starved,en-ar,0,1000,3.0,top1_b2a,0.055
en-ar-starved,starved,en-ar,0,1000,3.0,mexa_mutual,0.032
en-ar-starved,starved,en-ar,0,1000,3.0,hungarian,0.063
en-ar-starved,starved,en-ar,0,1000,4.0,top1_a2b,0.058
en-ar-starved,starved,en-ar,0,1000,4.0,top1_b2a,0.051
en-ar-starved,starved,en-ar,0,1000,4.0,mexa_mutual,0.036
en-ar-starved,starved,en-ar,0,1000,4.0,hungarian,0.063
en-ar-starved,starved,en-ar,1,2009,,top1_a2b,0.13091090094574415
en-ar-starved,starved,en-ar,1,2009,,top1_b2a,0.0507715281234445
en-ar-starved,starved,en-ar,1,2009,,mexa_mutual,0.039323046291687404
en-ar-starved,starved,en-ar,1,2009,,hungarian,0.30662020905923343
en-ar-starved,starved,en-ar,1,1000,0.0,top1_a2b,0.146
en-ar-starved,starved,en-ar,1,1000,0.0,top1_b2a,0.062
en-ar-starved,starved,en-ar,1,1000,0.0,mexa_mutual,0.048
en-ar-starved,starved,en-ar,1,1000,0.0,hungarian,0.359
en-ar-starved,starved,en-ar,1,1000,1.0,top1_a2b,0.15
en-ar-starved,starved,en-ar,1,1000,1.0,top1_b2a,0.06
en-ar-starved,starved,en-ar,1,1000,1.0,mexa_mutual,0.045
en-ar-starved,starved,en-ar,1,1000,1.0,hungarian,0.374
en-ar-starved,starved,en-ar,1,1000,2.0,top1_a2b,0.166
en-ar-starved,starved,en-ar,1,1000,2.0,top1_b2a,0.055
en-ar-starved,starved,en-ar,1,1000,2.0,mexa_mutual,0.043
en-ar-starved,starved,en-ar,1,1000,2.0,hungarian,0.355
en-ar-starved,starved,en-ar,1,1000,3.0,top1_a2b,0.168
en-ar-starved,starved,en-ar,1,1000,3.0,top1_b2a,0.073
en-ar-starved,starved,en-ar,1,1000,3.0,mexa_mutual,0.058
en-ar-starved,starved,en-ar,1,1000,3.0,hungarian,0.353
en-ar-starved,starved,en-ar,1,1000,4.0,top1_a2b,0.133
en-ar-starved,starved,en-ar,1,1000,4.0,top1_b2a,0.057
en-ar-starved,starved,en-ar,1,1000,4.0,mexa_mutual,0.044
en-ar-starved,starved,en-ar,1,1000,4.0,hungarian,0.354
en-ar-starved,starved,en-ar,2,2009,,top1_a2b,0.1677451468392235
en-ar-starved,starved,en-ar,2,2009,,top1_b2a,0.024390243902439025
en-ar-starved,starved,en-ar,2,2009,,mexa_mutual,0.015928322548531607
en-ar-starved,starved,en-ar,2,2009,,hungarian,0.5331010452961672
en-ar-starved,starved,en-ar,2,1000,0.0,top1_a2b,0.196
en-ar-starved,starved,en-ar,2,1000,0.0,top1_b2a,0.038
en-ar-starved,starved,en-ar,2,1000,0.0,mexa_mutual,0.023
en-ar-starved,starved,en-ar,2,1000,0.0,hungarian,0.57
en-ar-starved,starved,en-ar,2,1000,1.0,top1_a2b,0.19
en-ar-starved,starved,en-ar,2,1000,1.0,top1_b2a,0.043
en-ar-starved,starved,en-ar,2,1000,1.0,mexa_mutual,0.026
en-ar-starved,starved,en-ar,2,1000,1.0,hungarian,0.591
en-ar-starved,starved,en-ar,2,1000,2.0,top1_a2b,0.193
en-ar-starved,starved,en-ar,2,1000,2.0,top1_b2a,0.047
en-ar-starved,starved,en-ar,2,1000,2.0,mexa_mutual,0.03
en-ar-starved,starved,en-ar,2,1000,2.0,hungarian,0.589
en-ar-starved,starved,en-ar,2,1000,3.0,top1_a2b,0.182
en-ar-starved,starved,en-ar,2,1000,3.0,top1_b2a,0.049
en-ar-starved,starved,en-ar,2,1000,3.0,mexa_mutual,0.031
en-ar-starved,starved,en-ar,2,1000,3.0,hungarian,0.586
en-ar-starved,starved,en-ar,2,1000,4.0,top1_a2b,0.214
en-ar-starved,starved,en-ar,2,1000,4.0,top1_b2a,0.028
en-ar-starved,starved,en-ar,2,1000,4.0,mexa_mutual,0.02
en-ar-starved,starved,en-ar,2,1000,4.0,hungarian,0.582
en-ar-starved,starved,en-ar,3,2009,,top1_a2b,0.15181682429069188
en-ar-starved,starved,en-ar,3,2009,,top1_b2a,0.0233947237431558
en-ar-starved,starved,en-ar,3,2009,,mexa_mutual,0.012444001991040319
en-ar-starved,starved,en-ar,3,2009,,hungarian,0.5236436037829766
en-ar-starved,starved,en-ar,3,1000,0.0,top1_a2b,0.178
en-ar-starved,starved,en-ar,3,1000,0.0,top1_b2a,0.032
en-ar-starved,starved,en-ar,3,1000,0.0,mexa_mutual,0.016
en-ar-starved,starved,en-ar,3,1000,0.0,hungarian,0.565
en-ar-starved,starved,en-ar,3,1000,1.0,top1_a2b,0.174
en-ar-starved,starved,en-ar,3,1000,1.0,top1_b2a,0.034
en-ar-starved,starved,en-ar,3,1000,1.0,mexa_mutual,0.016
en-ar-starved,starved,en-ar,3,1000,1.0,hungarian,0.593
en-ar-starved,starved,en-ar,3,1000,2.0,top1_a2b,0.196
en-ar-starved,starved,en-ar,3,1000,2.0,top1_b2a,0.039
en-ar-starved,starved,en-ar,3,1000,2.0,mexa_mutual,0.02
en-ar-starved,starved,en-ar,3,1000,2.0,hungarian,0.584
en-ar-starved,starved,en-ar,3,1000,3.0,top1_a2b,0.183
en-ar-starved,starved,en-ar,3,1000,3.0,top1_b2a,0.036
en-ar-starved,starved,en-ar,3,1000,3.0,mexa_mutual,0.017
en-ar-starved,starved,en-ar,3,1000,3.0,hungarian,0.568
en-ar-starved,starved,en-ar,3,1000,4.0,top1_a2b,0.189
en-ar-starved,starved,en-ar,3,1000,4.0,top1_b2a,0.029
en-ar-starved,starved,en-ar,3,1000,4.0,mexa_mutual,0.017
en-ar-starved,starved,en-ar,3,1000,4.0,hungarian,0.564
en-ar-starved,starved,en-ar,4,2009,,top1_a2b,0.18018914883026382
en-ar-starved,starved,en-ar,4,2009,,top1_b2a,0.02538576406172225
en-ar-starved,starved,en-ar,4,2009,,mexa_mutual,0.013439522150323544
en-ar-starved,starved,en-ar,4,2009,,hungarian,0.5047287207565954
en-ar-starved,starved,en-ar,4,1000,0.0,top1_a2b,0.204
en-ar-starved,starved,en-ar,4,1000,0.0,top1_b2a,0.034
en-ar-starved,starved,en-ar,4,1000,0.0,mexa_mutual,0.017
en-ar-starved,starved,en-ar,4,1000,0.0,hungarian,0.561
en-ar-starved,starved,en-ar,4,1000,1.0,top1_a2b,0.214
en-ar-starved,starved,en-ar,4,1000,1.0,top1_b2a,0.029
en-ar-starved,starved,en-ar,4,1000,1.0,mexa_mutual,0.019
en-ar-starved,starved,en-ar,4,1000,1.0,hungarian,0.58
en-ar-starved,starved,en-ar,4,1000,2.0,top1_a2b,0.219
en-ar-starved,starved,en-ar,4,1000,2.0,top1_b2a,0.031
en-ar-starved,starved,en-ar,4,1000,2.0,mexa_mutual,0.018
en-ar-starved,starved,en-ar,4,1000,2.0,hungarian,0.541
en-ar-starved,starved,en-ar,4,1000,3.0,top1_a2b,0.208
en-ar-starved,starved,en-ar,4,1000,3.0,top1_b2a,0.037
en-ar-starved,starved,en-ar,4,1000,3.0,mexa_mutual,0.018
en-ar-starved,starved,en-ar,4,1000,3.0,hungarian,0.568
en-ar-starved,starved,en-ar,4,1000,4.0,top1_a2b,0.205
en-ar-starved,starved,en-ar,4,1000,4.0,top1_b2a,0.034
en-ar-starved,starved,en-ar,4,1000,4.0,mexa_mutual,0.02
en-ar-starved,starved,en-ar,4,1000,4.0,hungarian,0.542
en-ar-starved,starved,en-ar,5,2009,,top1_a2b,0.1831757093081135
en-ar-starved,starved,en-ar,5,2009,,top1_b2a,0.026381284221005476
en-ar-starved,starved,en-ar,5,2009,,mexa_mutual,0.014932802389248382
en-ar-starved,starved,en-ar,5,2009,,hungarian,0.514186162269786
en-ar-starved,starved,en-ar,5,1000,0.0,top1_a2b,0.237
en-ar-starved,starved,en-ar,5,1000,0.0,top1_b2a,0.036
en-ar-starved,starved,en-ar,5,1000,0.0,mexa_mutual,0.017
en-ar-starved,starved,en-ar,5,1000,0.0,hungarian,0.57
en-ar-starved,starved,en-ar,5,1000,1.0,top1_a2b,0.238
en-ar-starved,starved,en-ar,5,1000,1.0,top1_b2a,0.035
en-ar-starved,starved,en-ar,5,1000,1.0,mexa_mutual,0.022
en-ar-starved,starved,en-ar,5,1000,1.0,hungarian,0.596
en-ar-starved,starved,en-ar,5,1000,2.0,top1_a2b,0.218
en-ar-starved,starved,en-ar,5,1000,2.0,top1_b2a,0.032
en-ar-starved,starved,en-ar,5,1000,2.0,mexa_mutual,0.02
en-ar-starved,starved,en-ar,5,1000,2.0,hungarian,0.582
en-ar-starved,starved,en-ar,5,1000,3.0,top1_a2b,0.204
en-ar-starved,starved,en-ar,5,1000,3.0,top1_b2a,0.048
en-ar-starved,starved,en-ar,5,1000,3.0,mexa_mutual,0.023
en-ar-starved,starved,en-ar,5,1000,3.0,hungarian,0.579
en-ar-starved,starved,en-ar,5,1000,4.0,top1_a2b,0.211
en-ar-starved,starved,en-ar,5,1000,4.0,top1_b2a,0.035
en-ar-starved,starved,en-ar,5,1000,4.0,mexa_mutual,0.021
en-ar-starved,starved,en-ar,5,1000,4.0,hungarian,0.565
en-ar-starved,starved,en-ar,6,2009,,top1_a2b,0.19711299153807865
en-ar-starved,starved,en-ar,6,2009,,top1_b2a,0.030363364858138377
en-ar-starved,starved,en-ar,6,2009,,mexa_mutual,0.01841712294673967
en-ar-starved,starved,en-ar,6,2009,,hungarian,0.5973120955699353
en-ar-starved,starved,en-ar,6,1000,0.0,top1_a2b,0.235
en-ar-starved,starved,en-ar,6,1000,0.0,top1_b2a,0.043
en-ar-starved,starved,en-ar,6,1000,0.0,mexa_mutual,0.023
en-ar-starved,starved,en-ar,6,1000,0.0,hungarian,0.639
en-ar-starved,starved,en-ar,6,1000,1.0,top1_a2b,0.267
en-ar-starved,starved,en-ar,6,1000,1.0,top1_b2a,0.048
en-ar-starved,starved,en-ar,6,1000,1.0,mexa_mutual,0.033
en-ar-starved,starved,en-ar,6,1000,1.0,hungarian,0.688
en-ar-starved,starved,en-ar,6,1000,2.0,top1_a2b,0.225
en-ar-starved,starved,en-ar,6,1000,2.0,top1_b2a,0.045
en-ar-starved,starved,en-ar,6,1000,2.0,mexa_mutual,0.03
en-ar-starved,starved,en-ar,6,1000,2.0,hungarian,0.682
en-ar-starved,starved,en-ar,6,1000,3.0,top1_a2b,0.226
en-ar-starved,starved,en-ar,6,1000,3.0,top1_b2a,0.051
en-ar-starved,starved,en-ar,6,1000,3.0,mexa_mutual,0.031
en-ar-starved,starved,en-ar,6,1000,3.0,hungarian,0.651
en-ar-starved,starved,en-ar,6,1000,4.0,top1_a2b,0.24
en-ar-starved,starved,en-ar,6,1000,4.0,top1_b2a,0.035
en-ar-starved,starved,en-ar,6,1000,4.0,mexa_mutual,0.02
en-ar-starved,starved,en-ar,6,1000,4.0,hungarian,0.641
en-ar-starved,starved,en-ar,7,2009,,top1_a2b,0.2772523643603783
en-ar-starved,starved,en-ar,7,2009,,top1_b2a,0.0587356893977103
en-ar-starved,starved,en-ar,7,2009,,mexa_mutual,0.039323046291687404
en-ar-starved,starved,en-ar,7,2009,,hungarian,0.8023892483822798
en-ar-starved,starved,en-ar,7,1000,0.0,top1_a2b,0.318
en-ar-starved,starved,en-ar,7,1000,0.0,top1_b2a,0.089
en-ar-starved,starved,en-ar,7,1000,0.0,mexa_mutual,0.065
en-ar-starved,starved,en-ar,7,1000,0.0,hungarian,0.854
en-ar-starved,starved,en-ar,7,1000,1.0,top1_a2b,0.336
en-ar-starved,starved,en-ar,7,1000,1.0,top1_b2a,0.074
en-ar-starved,starved,en-ar,7,1000,1.0,mexa_mutual,0.052
en-ar-starved,starved,en-ar,7,1000,1.0,hungarian,0.852
en-ar-starved,starved,en-ar,7,1000,2.0,top1_a2b,0.323
en-ar-starved,starved,en-ar,7,1000,2.0,top1_b2a,0.076
en-ar-starved,starved,en-ar,7,1000,2.0,mexa_mutual,0.056
en-ar-starved,starved,en-ar,7,1000,2.0,hungarian,0.829
en-ar-starved,starved,en-ar,7,1000,3.0,top1_a2b,0.317
en-ar-starved,starved,en-ar,7,1000,3.0,top1_b2a,0.075
en-ar-starved,starved,en-ar,7,1000,3.0,mexa_mutual,0.055
en-ar-starved,starved,en-ar,7,1000,3.0,hungarian,0.842
en-ar-starved,starved,en-ar,7,1000,4.0,top1_a2b,0.341
en-ar-starved,starved,en-ar,7,1000,4.0,top1_b2a,0.071
en-ar-starved,starved,en-ar,7,1000,4.0,mexa_mutual,0.047
en-ar-starved,starved,en-ar,7,1000,4.0,hungarian,0.843
en-ar-starved,starved,en-ar,8,2009,,top1_a2b,0.1791936286709806
en-ar-starved,starved,en-ar,8,2009,,top1_b2a,0.282727725236436
en-ar-starved,starved,en-ar,8,2009,,mexa_mutual,0.1254355400696864
en-ar-starved,starved,en-ar,8,2009,,hungarian,0.7779990044798407
en-ar-starved,starved,en-ar,8,1000,0.0,top1_a2b,0.204
en-ar-starved,starved,en-ar,8,1000,0.0,top1_b2a,0.332
en-ar-starved,starved,en-ar,8,1000,0.0,mexa_mutual,0.145
en-ar-starved,starved,en-ar,8,1000,0.0,hungarian,0.82
en-ar-starved,starved,en-ar,8,1000,1.0,top1_a2b,0.21
en-ar-starved,starved,en-ar,8,1000,1.0,top1_b2a,0.324
en-ar-starved,starved,en-ar,8,1000,1.0,mexa_mutual,0.149
en-ar-starved,starved,en-ar,8,1000,1.0,hungarian,0.817
en-ar-starved,starved,en-ar,8,1000,2.0,top1_a2b,0.222
en-ar-starved,starved,en-ar,8,1000,2.0,top1_b2a,0.313
en-ar-starved,starved,en-ar,8,1000,2.0,mexa_mutual,0.148
en-ar-starved,starved,en-ar,8,1000,2.0,hungarian,0.812
en-ar-starved,starved,en-ar,8,1000,3.0,top1_a2b,0.194
en-ar-starved,starved,en-ar,8,1000,3.0,top1_b2a,0.308
en-ar-starved,starved,en-ar,8,1000,3.0,mexa_mutual,0.14
en-ar-starved,starved,en-ar,8,1000,3.0,hungarian,0.822
en-ar-starved,starved,en-ar,8,1000,4.0,top1_a2b,0.214
en-ar-starved,starved,en-ar,8,1000,4.0,top1_b2a,0.322
en-ar-starved,starved,en-ar,8,1000,4.0,mexa_mutual,0.161
en-ar-starved,starved,en-ar,8,1000,4.0,hungarian,0.789
en-ar-starved,starved,en-ar,9,2009,,top1_a2b,0.44649079143852666
en-ar-starved,starved,en-ar,9,2009,,top1_b2a,0.7426580388252862
en-ar-starved,starved,en-ar,9,2009,,mexa_mutual,0.406172224987556
en-ar-starved,starved,en-ar,9,2009,,hungarian,0.9581881533101045
en-ar-starved,starved,en-ar,9,1000,0.0,top1_a2b,0.472
en-ar-starved,starved,en-ar,9,1000,0.0,top1_b2a,0.771
en-ar-starved,starved,en-ar,9,1000,0.0,mexa_mutual,0.436
en-ar-starved,starved,en-ar,9,1000,0.0,hungarian,0.979
en-ar-starved,starved,en-ar,9,1000,1.0,top1_a2b,0.497
en-ar-starved,starved,en-ar,9,1000,1.0,top1_b2a,0.781
en-ar-starved,starved,en-ar,9,1000,1.0,mexa_mutual,0.466
en-ar-starved,starved,en-ar,9,1000,1.0,hungarian,0.975
en-ar-starved,starved,en-ar,9,1000,2.0,top1_a2b,0.48
en-ar-starved,starved,en-ar,9,1000,2.0,top1_b2a,0.76
en-ar-starved,starved,en-ar,9,1000,2.0,mexa_mutual,0.433
en-ar-starved,starved,en-ar,9,1000,2.0,hungarian,0.961
en-ar-starved,starved,en-ar,9,1000,3.0,top1_a2b,0.473
en-ar-starved,starved,en-ar,9,1000,3.0,top1_b2a,0.781
en-ar-starved,starved,en-ar,9,1000,3.0,mexa_mutual,0.435
en-ar-starved,starved,en-ar,9,1000,3.0,hungarian,0.979
en-ar-starved,starved,en-ar,9,1000,4.0,top1_a2b,0.469
en-ar-starved,starved,en-ar,9,1000,4.0,top1_b2a,0.778
en-ar-starved,starved,en-ar,9,1000,4.0,mexa_mutual,0.434
en-ar-starved,starved,en-ar,9,1000,4.0,hungarian,0.966
en-ar-starved,starved,en-ar,10,2009,,top1_a2b,0.7322050771528124
en-ar-starved,starved,en-ar,10,2009,,top1_b2a,0.9542060726729716
en-ar-starved,starved,en-ar,10,2009,,mexa_mutual,0.7207565953210553
en-ar-starved,starved,en-ar,10,2009,,hungarian,0.9965156794425087
en-ar-starved,starved,en-ar,10,1000,0.0,top1_a2b,0.74
en-ar-starved,starved,en-ar,10,1000,0.0,top1_b2a,0.97
en-ar-starved,starved,en-ar,10,1000,0.0,mexa_mutual,0.733
en-ar-starved,starved,en-ar,10,1000,0.0,hungarian,1.0
en-ar-starved,starved,en-ar,10,1000,1.0,top1_a2b,0.762
en-ar-starved,starved,en-ar,10,1000,1.0,top1_b2a,0.966
en-ar-starved,starved,en-ar,10,1000,1.0,mexa_mutual,0.751
en-ar-starved,starved,en-ar,10,1000,1.0,hungarian,0.998
en-ar-starved,starved,en-ar,10,1000,2.0,top1_a2b,0.757
en-ar-starved,starved,en-ar,10,1000,2.0,top1_b2a,0.962
en-ar-starved,starved,en-ar,10,1000,2.0,mexa_mutual,0.745
en-ar-starved,starved,en-ar,10,1000,2.0,hungarian,0.993
en-ar-starved,starved,en-ar,10,1000,3.0,top1_a2b,0.761
en-ar-starved,starved,en-ar,10,1000,3.0,top1_b2a,0.973
en-ar-starved,starved,en-ar,10,1000,3.0,mexa_mutual,0.753
en-ar-starved,starved,en-ar,10,1000,3.0,hungarian,1.0
en-ar-starved,starved,en-ar,10,1000,4.0,top1_a2b,0.749
en-ar-starved,starved,en-ar,10,1000,4.0,top1_b2a,0.962
en-ar-starved,starved,en-ar,10,1000,4.0,mexa_mutual,0.737
en-ar-starved,starved,en-ar,10,1000,4.0,hungarian,0.997
en-ar-starved,starved,en-ar,11,2009,,top1_a2b,0.8815331010452961
en-ar-starved,starved,en-ar,11,2009,,top1_b2a,0.9900447984071677
en-ar-starved,starved,en-ar,11,2009,,mexa_mutual,0.8775510204081632
en-ar-starved,starved,en-ar,11,2009,,hungarian,1.0
en-ar-starved,starved,en-ar,11,1000,0.0,top1_a2b,0.891
en-ar-starved,starved,en-ar,11,1000,0.0,top1_b2a,0.992
en-ar-starved,starved,en-ar,11,1000,0.0,mexa_mutual,0.889
en-ar-starved,starved,en-ar,11,1000,0.0,hungarian,1.0
en-ar-starved,starved,en-ar,11,1000,1.0,top1_a2b,0.91
en-ar-starved,starved,en-ar,11,1000,1.0,top1_b2a,0.997
en-ar-starved,starved,en-ar,11,1000,1.0,mexa_mutual,0.909
en-ar-starved,starved,en-ar,11,1000,1.0,hungarian,1.0
en-ar-starved,starved,en-ar,11,1000,2.0,top1_a2b,0.891
en-ar-starved,starved,en-ar,11,1000,2.0,top1_b2a,0.988
en-ar-starved,starved,en-ar,11,1000,2.0,mexa_mutual,0.886
en-ar-starved,starved,en-ar,11,1000,2.0,hungarian,1.0
en-ar-starved,starved,en-ar,11,1000,3.0,top1_a2b,0.906
en-ar-starved,starved,en-ar,11,1000,3.0,top1_b2a,0.992
en-ar-starved,starved,en-ar,11,1000,3.0,mexa_mutual,0.904
en-ar-starved,starved,en-ar,11,1000,3.0,hungarian,1.0
en-ar-starved,starved,en-ar,11,1000,4.0,top1_a2b,0.896
en-ar-starved,starved,en-ar,11,1000,4.0,top1_b2a,0.993
en-ar-starved,starved,en-ar,11,1000,4.0,mexa_mutual,0.892
en-ar-starved,starved,en-ar,11,1000,4.0,hungarian,1.0
en-ar-starved,starved,en-ar,12,2009,,top1_a2b,0.9417620706819313
en-ar-starved,starved,en-ar,12,2009,,top1_b2a,0.9895470383275261
en-ar-starved,starved,en-ar,12,2009,,mexa_mutual,0.9362867098058736
en-ar-starved,starved,en-ar,12,2009,,hungarian,1.0
en-ar-starved,starved,en-ar,12,1000,0.0,top1_a2b,0.944
en-ar-starved,starved,en-ar,12,1000,0.0,top1_b2a,0.995
en-ar-starved,starved,en-ar,12,1000,0.0,mexa_mutual,0.943
en-ar-starved,starved,en-ar,12,1000,0.0,hungarian,1.0
en-ar-starved,starved,en-ar,12,1000,1.0,top1_a2b,0.957
en-ar-starved,starved,en-ar,12,1000,1.0,top1_b2a,0.998
en-ar-starved,starved,en-ar,12,1000,1.0,mexa_mutual,0.956
en-ar-starved,starved,en-ar,12,1000,1.0,hungarian,1.0
en-ar-starved,starved,en-ar,12,1000,2.0,top1_a2b,0.949
en-ar-starved,starved,en-ar,12,1000,2.0,top1_b2a,0.991
en-ar-starved,starved,en-ar,12,1000,2.0,mexa_mutual,0.944
en-ar-starved,starved,en-ar,12,1000,2.0,hungarian,1.0
en-ar-starved,starved,en-ar,12,1000,3.0,top1_a2b,0.957
en-ar-starved,starved,en-ar,12,1000,3.0,top1_b2a,0.991
en-ar-starved,starved,en-ar,12,1000,3.0,mexa_mutual,0.953
en-ar-starved,starved,en-ar,12,1000,3.0,hungarian,1.0
en-ar-starved,starved,en-ar,12,1000,4.0,top1_a2b,0.955
en-ar-starved,starved,en-ar,12,1000,4.0,top1_b2a,0.991
en-ar-starved,starved,en-ar,12,1000,4.0,mexa_mutual,0.95
en-ar-starved,starved,en-ar,12,1000,4.0,hungarian,1.0
en-ar-starved,starved,en-ar,13,2009,,top1_a2b,0.9646590343454455
en-ar-starved,starved,en-ar,13,2009,,top1_b2a,0.9900447984071677
en-ar-starved,starved,en-ar,13,2009,,mexa_mutual,0.9571926331508213
en-ar-starved,starved,en-ar,13,2009,,hungarian,1.0
en-ar-starved,starved,en-ar,13,1000,0.0,top1_a2b,0.971
en-ar-starved,starved,en-ar,13,1000,0.0,top1_b2a,0.996
en-ar-starved,starved,en-ar,13,1000,0.0,mexa_mutual,0.969
en-ar-starved,starved,en-ar,13,1000,0.0,hungarian,1.0
en-ar-starved,starved,en-ar,13,1000,1.0,top1_a2b,0.975
en-ar-starved,starved,en-ar,13,1000,1.0,top1_b2a,0.996
en-ar-starved,starved,en-ar,13,1000,1.0,mexa_mutual,0.972
en-ar-starved,starved,en-ar,13,1000,1.0,hungarian,1.0
en-ar-starved,starved,en-ar,13,1000,2.0,top1_a2b,0.973
en-ar-starved,starved,en-ar,13,1000,2.0,top1_b2a,0.995
en-ar-starved,starved,en-ar,13,1000,2.0,mexa_mutual,0.97
en-ar-starved,starved,en-ar,13,1000,2.0,hungarian,1.0
en-ar-starved,starved,en-ar,13,1000,3.0,top1_a2b,0.977
en-ar-starved,starved,en-ar,13,1000,3.0,top1_b2a,0.995
en-ar-starved,starved,en-ar,13,1000,3.0,mexa_mutual,0.973
en-ar-starved,starved,en-ar,13,1000,3.0,hungarian,1.0
en-ar-starved,starved,en-ar,13,1000,4.0,top1_a2b,0.977
en-ar-starved,starved,en-ar,13,1000,4.0,top1_b2a,0.989
en-ar-starved,starved,en-ar,13,1000,4.0,mexa_mutual,0.968
en-ar-starved,starved,en-ar,13,1000,4.0,hungarian,1.0
en-ar-starved,starved,en-ar,14,2009,,top1_a2b,0.9746142359382778
en-ar-starved,starved,en-ar,14,2009,,top1_b2a,0.9835739173718268
en-ar-starved,starved,en-ar,14,2009,,mexa_mutual,0.9616724738675958
en-ar-starved,starved,en-ar,14,2009,,hungarian,1.0
en-ar-starved,starved,en-ar,14,1000,0.0,top1_a2b,0.985
en-ar-starved,starved,en-ar,14,1000,0.0,top1_b2a,0.996
en-ar-starved,starved,en-ar,14,1000,0.0,mexa_mutual,0.982
en-ar-starved,starved,en-ar,14,1000,0.0,hungarian,1.0
en-ar-starved,starved,en-ar,14,1000,1.0,top1_a2b,0.981
en-ar-starved,starved,en-ar,14,1000,1.0,top1_b2a,0.988
en-ar-starved,starved,en-ar,14,1000,1.0,mexa_mutual,0.971
en-ar-starved,starved,en-ar,14,1000,1.0,hungarian,1.0
en-ar-starved,starved,en-ar,14,1000,2.0,top1_a2b,0.978
en-ar-starved,starved,en-ar,14,1000,2.0,top1_b2a,0.987
en-ar-starved,starved,en-ar,14,1000,2.0,mexa_mutual,0.968
en-ar-starved,starved,en-ar,14,1000,2.0,hungarian,1.0
en-ar-starved,starved,en-ar,14,1000,3.0,top1_a2b,0.985
en-ar-starved,starved,en-ar,14,1000,3.0,top1_b2a,0.987
en-ar-starved,starved,en-ar,14,1000,3.0,mexa_mutual,0.974
en-ar-starved,starved,en-ar,14,1000,3.0,hungarian,1.0
en-ar-starved,starved,en-ar,14,1000,4.0,top1_a2b,0.982
en-ar-starved,starved,en-ar,14,1000,4.0,top1_b2a,0.984
en-ar-starved,starved,en-ar,14,1000,4.0,mexa_mutual,0.971
en-ar-starved,starved,en-ar,14,1000,4.0,hungarian,1.0
en-ar-starved,starved,en-ar,15,2009,,top1_a2b,0.8481831757093081
en-ar-starved,starved,en-ar,15,2009,,top1_b2a,0.7839721254355401
en-ar-starved,starved,en-ar,15,2009,,mexa_mutual,0.6888999502239921
en-ar-starved,starved,en-ar,15,2009,,hungarian,1.0
en-ar-starved,starved,en-ar,15,1000,0.0,top1_a2b,0.887
en-ar-starved,starved,en-ar,15,1000,0.0,top1_b2a,0.84
en-ar-starved,starved,en-ar,15,1000,0.0,mexa_mutual,0.758
en-ar-starved,starved,en-ar,15,1000,0.0,hungarian,1.0
en-ar-starved,starved,en-ar,15,1000,1.0,top1_a2b,0.884
en-ar-starved,starved,en-ar,15,1000,1.0,top1_b2a,0.827
en-ar-starved,starved,en-ar,15,1000,1.0,mexa_mutual,0.752
en-ar-starved,starved,en-ar,15,1000,1.0,hungarian,1.0
en-ar-starved,starved,en-ar,15,1000,2.0,top1_a2b,0.869
en-ar-starved,starved,en-ar,15,1000,2.0,top1_b2a,0.825
en-ar-starved,starved,en-ar,15,1000,2.0,mexa_mutual,0.734
en-ar-starved,starved,en-ar,15,1000,2.0,hungarian,1.0
en-ar-starved,starved,en-ar,15,1000,3.0,top1_a2b,0.88
en-ar-starved,starved,en-ar,15,1000,3.0,top1_b2a,0.816
en-ar-starved,starved,en-ar,15,1000,3.0,mexa_mutual,0.738
en-ar-starved,starved,en-ar,15,1000,3.0,hungarian,1.0
en-ar-starved,starved,en-ar,15,1000,4.0,top1_a2b,0.878
en-ar-starved,starved,en-ar,15,1000,4.0,top1_b2a,0.85
en-ar-starved,starved,en-ar,15,1000,4.0,mexa_mutual,0.756
en-ar-starved,starved,en-ar,15,1000,4.0,hungarian,1.0
en-ar-starved,starved,en-ar,16,2009,,top1_a2b,0.282727725236436
en-ar-starved,starved,en-ar,16,2009,,top1_b2a,0.06570433051269288
en-ar-starved,starved,en-ar,16,2009,,mexa_mutual,0.04828272772523644
en-ar-starved,starved,en-ar,16,2009,,hungarian,1.0
en-ar-starved,starved,en-ar,16,1000,0.0,top1_a2b,0.42
en-ar-starved,starved,en-ar,16,1000,0.0,top1_b2a,0.085
en-ar-starved,starved,en-ar,16,1000,0.0,mexa_mutual,0.067
en-ar-starved,starved,en-ar,16,1000,0.0,hungarian,1.0
en-ar-starved,starved,en-ar,16,1000,1.0,top1_a2b,0.452
en-ar-starved,starved,en-ar,16,1000,1.0,top1_b2a,0.086
en-ar-starved,starved,en-ar,16,1000,1.0,mexa_mutual,0.066
en-ar-starved,starved,en-ar,16,1000,1.0,hungarian,1.0
en-ar-starved,starved,en-ar,16,1000,2.0,top1_a2b,0.303
en-ar-starved,starved,en-ar,16,1000,2.0,top1_b2a,0.087
en-ar-starved,starved,en-ar,16,1000,2.0,mexa_mutual,0.063
en-ar-starved,starved,en-ar,16,1000,2.0,hungarian,1.0
en-ar-starved,starved,en-ar,16,1000,3.0,top1_a2b,0.31
en-ar-starved,starved,en-ar,16,1000,3.0,top1_b2a,0.082
en-ar-starved,starved,en-ar,16,1000,3.0,mexa_mutual,0.067
en-ar-starved,starved,en-ar,16,1000,3.0,hungarian,1.0
en-ar-starved,starved,en-ar,16,1000,4.0,top1_a2b,0.306
en-ar-starved,starved,en-ar,16,1000,4.0,top1_b2a,0.117
en-ar-starved,starved,en-ar,16,1000,4.0,mexa_mutual,0.076
en-ar-starved,starved,en-ar,16,1000,4.0,hungarian,1.0
en-de-starved,starved,en-de,0,2009,,top1_a2b,0.31408661025385765
en-de-starved,starved,en-de,0,2009,,top1_b2a,0.32653061224489793
en-de-starved,starved,en-de,0,2009,,mexa_mutual,0.25833748133399703
en-de-starved,starved,en-de,0,2009,,hungarian,0.38476854156296664
en-de-starved,starved,en-de,0,1000,0.0,top1_a2b,0.352
en-de-starved,starved,en-de,0,1000,0.0,top1_b2a,0.359
en-de-starved,starved,en-de,0,1000,0.0,mexa_mutual,0.287
en-de-starved,starved,en-de,0,1000,0.0,hungarian,0.423
en-de-starved,starved,en-de,0,1000,1.0,top1_a2b,0.354
en-de-starved,starved,en-de,0,1000,1.0,top1_b2a,0.369
en-de-starved,starved,en-de,0,1000,1.0,mexa_mutual,0.294
en-de-starved,starved,en-de,0,1000,1.0,hungarian,0.436
en-de-starved,starved,en-de,0,1000,2.0,top1_a2b,0.349
en-de-starved,starved,en-de,0,1000,2.0,top1_b2a,0.356
en-de-starved,starved,en-de,0,1000,2.0,mexa_mutual,0.283
en-de-starved,starved,en-de,0,1000,2.0,hungarian,0.426
en-de-starved,starved,en-de,0,1000,3.0,top1_a2b,0.346
en-de-starved,starved,en-de,0,1000,3.0,top1_b2a,0.357
en-de-starved,starved,en-de,0,1000,3.0,mexa_mutual,0.29
en-de-starved,starved,en-de,0,1000,3.0,hungarian,0.407
en-de-starved,starved,en-de,0,1000,4.0,top1_a2b,0.348
en-de-starved,starved,en-de,0,1000,4.0,top1_b2a,0.363
en-de-starved,starved,en-de,0,1000,4.0,mexa_mutual,0.289
en-de-starved,starved,en-de,0,1000,4.0,hungarian,0.426
en-de-starved,starved,en-de,1,2009,,top1_a2b,0.5246391239422599
en-de-starved,starved,en-de,1,2009,,top1_b2a,0.4141363862618218
en-de-starved,starved,en-de,1,2009,,mexa_mutual,0.36585365853658536
en-de-starved,starved,en-de,1,2009,,hungarian,0.7765057242409159
en-de-starved,starved,en-de,1,1000,0.0,top1_a2b,0.547
en-de-starved,starved,en-de,1,1000,0.0,top1_b2a,0.419
en-de-starved,starved,en-de,1,1000,0.0,mexa_mutual,0.368
en-de-starved,starved,en-de,1,1000,0.0,hungarian,0.837
en-de-starved,starved,en-de,1,1000,1.0,top1_a2b,0.572
en-de-starved,starved,en-de,1,1000,1.0,top1_b2a,0.466
en-de-starved,starved,en-de,1,1000,1.0,mexa_mutual,0.42
en-de-starved,starved,en-de,1,1000,1.0,hungarian,0.82
en-de-starved,starved,en-de,1,1000,2.0,top1_a2b,0.545
en-de-starved,starved,en-de,1,1000,2.0,top1_b2a,0.449
en-de-starved,starved,en-de,1,1000,2.0,mexa_mutual,0.39
en-de-starved,starved,en-de,1,1000,2.0,hungarian,0.806
en-de-starved,starved,en-de,1,1000,3.0,top1_a2b,0.548
en-de-starved,starved,en-de,1,1000,3.0,top1_b2a,0.439
en-de-starved,starved,en-de,1,1000,3.0,mexa_mutual,0.384
en-de-starved,starved,en-de,1,1000,3.0,hungarian,0.825
en-de-starved,starved,en-de,1,1000,4.0,top1_a2b,0.566
en-de-starved,starved,en-de,1,1000,4.0,top1_b2a,0.444
en-de-starved,starved,en-de,1,1000,4.0,mexa_mutual,0.397
en-de-starved,starved,en-de,1,1000,4.0,hungarian,0.83
en-de-starved,starved,en-de,2,2009,,top1_a2b,0.6177202588352414
en-de-starved,starved,en-de,2,2009,,top1_b2a,0.3673469387755102
en-de-starved,starved,en-de,2,2009,,mexa_mutual,0.3205574912891986
en-de-starved,starved,en-de,2,2009,,hungarian,0.8929815828770533
en-de-starved,starved,en-de,2,1000,0.0,top1_a2b,0.66
en-de-starved,starved,en-de,2,1000,0.0,top1_b2a,0.379
en-de-starved,starved,en-de,2,1000,0.0,mexa_mutual,0.33
en-de-starved,starved,en-de,2,1000,0.0,hungarian,0.93
en-de-starved,starved,en-de,2,1000,1.0,top1_a2b,0.668
en-de-starved,starved,en-de,2,1000,1.0,top1_b2a,0.412
en-de-starved,starved,en-de,2,1000,1.0,mexa_mutual,0.357
en-de-starved,starved,en-de,2,1000,1.0,hungarian,0.929
en-de-starved,starved,en-de,2,1000,2.0,top1_a2b,0.634
en-de-starved,starved,en-de,2,1000,2.0,top1_b2a,0.403
en-de-starved,starved,en-de,2,1000,2.0,mexa_mutual,0.338
en-de-starved,starved,en-de,2,1000,2.0,hungarian,0.925
en-de-starved,starved,en-de,2,1000,3.0,top1_a2b,0.645
en-de-starved,starved,en-de,2,1000,3.0,top1_b2a,0.404
en-de-starved,starved,en-de,2,1000,3.0,mexa_mutual,0.339
en-de-starved,starved,en-de,2,1000,3.0,hungarian,0.927
en-de-starved,starved,en-de,2,1000,4.0,top1_a2b,0.65
en-de-starved,starved,en-de,2,1000,4.0,top1_b2a,0.408
en-de-starved,starved,en-de,2,1000,4.0,mexa_mutual,0.346
en-de-starved,starved,en-de,2,1000,4.0,hungarian,0.929
en-de-starved,starved,en-de,3,2009,,top1_a2b,0.6127426580388253
en-de-starved,starved,en-de,3,2009,,top1_b2a,0.40467894474863114
en-de-starved,starved,en-de,3,2009,,mexa_mutual,0.3330014932802389
en-de-starved,starved,en-de,3,2009,,hungarian,0.9118964659034345
en-de-starved,starved,en-de,3,1000,0.0,top1_a2b,0.638
en-de-starved,starved,en-de,3,1000,0.0,top1_b2a,0.409
en-de-starved,starved,en-de,3,1000,0.0,mexa_mutual,0.326
en-de-starved,starved,en-de,3,1000,0.0,hungarian,0.938
en-de-starved,starved,en-de,3,1000,1.0,top1_a2b,0.666
en-de-starved,starved,en-de,3,1000,1.0,top1_b2a,0.436
en-de-starved,starved,en-de,3,1000,1.0,mexa_mutual,0.372
en-de-starved,starved,en-de,3,1000,1.0,hungarian,0.948
en-de-starved,starved,en-de,3,1000,2.0,top1_a2b,0.638
en-de-starved,starved,en-de,3,1000,2.0,top1_b2a,0.44
en-de-starved,starved,en-de,3,1000,2.0,mexa_mutual,0.359
en-de-starved,starved,en-de,3,1000,2.0,hungarian,0.929
en-de-starved,starved,en-de,3,1000,3.0,top1_a2b,0.653
en-de-starved,starved,en-de,3,1000,3.0,top1_b2a,0.445
en-de-starved,starved,en-de,3,1000,3.0,mexa_mutual,0.367
en-de-starved,starved,en-de,3,1000,3.0,hungarian,0.958
en-de-starved,starved,en-de,3,1000,4.0,top1_a2b,0.66
en-de-starved,starved,en-de,3,1000,4.0,top1_b2a,0.456
en-de-starved,starved,en-de,3,1000,4.0,mexa_mutual,0.377
en-de-starved,starved,en-de,3,1000,4.0,hungarian,0.95
en-de-starved,starved,en-de,4,2009,,top1_a2b,0.6849178695868592
en-de-starved,starved,en-de,4,2009,,top1_b2a,0.42857142857142855
en-de-starved,starved,en-de,4,2009,,mexa_mutual,0.36884021901443503
en-de-starved,starved,en-de,4,2009,,hungarian,0.9407665505226481
en-de-starved,starved,en-de,4,1000,0.0,top1_a2b,0.72
en-de-starved,starved,en-de,4,1000,0.0,top1_b2a,0.457
en-de-starved,starved,en-de,4,1000,0.0,mexa_mutual,0.388
en-de-starved,starved,en-de,4,1000,0.0,hungarian,0.967
en-de-starved,starved,en-de,4,1000,1.0,top1_a2b,0.732
en-de-starved,starved,en-de,4,1000,1.0,top1_b2a,0.462
en-de-starved,starved,en-de,4,1000,1.0,mexa_mutual,0.407
en-de-starved,starved,en-de,4,1000,1.0,hungarian,0.958
en-de-starved,starved,en-de,4,1000,2.0,top1_a2b,0.714
en-de-starved,starved,en-de,4,1000,2.0,top1_b2a,0.467
en-de-starved,starved,en-de,4,1000,2.0,mexa_mutual,0.397
en-de-starved,starved,en-de,4,1000,2.0,hungarian,0.963
en-de-starved,starved,en-de,4,1000,3.0,top1_a2b,0.714
en-de-starved,starved,en-de,4,1000,3.0,top1_b2a,0.459
en-de-starved,starved,en-de,4,1000,3.0,mexa_mutual,0.391
en-de-starved,starved,en-de,4,1000,3.0,hungarian,0.967
en-de-starved,starved,en-de,4,1000,4.0,top1_a2b,0.732
en-de-starved,starved,en-de,4,1000,4.0,top1_b2a,0.454
en-de-starved,starved,en-de,4,1000,4.0,mexa_mutual,0.401
en-de-starved,starved,en-de,4,1000,4.0,hungarian,0.967
en-de-starved,starved,en-de,5,2009,,top1_a2b,0.3638626182180189
en-de-starved,starved,en-de,5,2009,,top1_b2a,0.38476854156296664
en-de-starved,starved,en-de,5,2009,,mexa_mutual,0.2976605276256844
en-de-starved,starved,en-de,5,2009,,hungarian,0.8337481333997013
en-de-starved,starved,en-de,5,1000,0.0,top1_a2b,0.364
en-de-starved,starved,en-de,5,1000,0.0,top1_b2a,0.414
en-de-starved,starved,en-de,5,1000,0.0,mexa_mutual,0.303
en-de-starved,starved,en-de,5,1000,0.0,hungarian,0.833
en-de-starved,starved,en-de,5,1000,1.0,top1_a2b,0.414
en-de-starved,starved,en-de,5,1000,1.0,top1_b2a,0.432
en-de-starved,starved,en-de,5,1000,1.0,mexa_mutual,0.344
en-de-starved,starved,en-de,5,1000,1.0,hungarian,0.851
en-de-starved,starved,en-de,5,1000,2.0,top1_a2b,0.396
en-de-starved,starved,en-de,5,1000,2.0,top1_b2a,0.435
en-de-starved,starved,en-de,5,1000,2.0,mexa_mutual,0.337
en-de-starved,starved,en-de,5,1000,2.0,hungarian,0.86
en-de-starved,starved,en-de,5,1000,3.0,top1_a2b,0.398
en-de-starved,starved,en-de,5,1000,3.0,top1_b2a,0.42
en-de-starved,starved,en-de,5,1000,3.0,mexa_mutual,0.318
en-de-starved,starved,en-de,5,1000,3.0,hungarian,0.836
en-de-starved,starved,en-de,5,1000,4.0,top1_a2b,0.398
en-de-starved,starved,en-de,5,1000,4.0,top1_b2a,0.412
en-de-starved,starved,en-de,5,1000,4.0,mexa_mutual,0.327
en-de-starved,starved,en-de,5,1000,4.0,hungarian,0.843
en-de-starved,starved,en-de,6,2009,,top1_a2b,0.45744151319064214
en-de-starved,starved,en-de,6,2009,,top1_b2a,0.4878048780487805
en-de-starved,starved,en-de,6,2009,,mexa_mutual,0.38078646092583374
en-de-starved,starved,en-de,6,2009,,hungarian,0.8865107018417123
en-de-starved,starved,en-de,6,1000,0.0,top1_a2b,0.466
en-de-starved,starved,en-de,6,1000,0.0,top1_b2a,0.501
en-de-starved,starved,en-de,6,1000,0.0,mexa_mutual,0.391
en-de-starved,starved,en-de,6,1000,0.0,hungarian,0.896
en-de-starved,starved,en-de,6,1000,1.0,top1_a2b,0.507
en-de-starved,starved,en-de,6,1000,1.0,top1_b2a,0.549
en-de-starved,starved,en-de,6,1000,1.0,mexa_mutual,0.435
en-de-starved,starved,en-de,6,1000,1.0,hungarian,0.905
en-de-starved,starved,en-de,6,1000,2.0,top1_a2b,0.492
en-de-starved,starved,en-de,6,1000,2.0,top1_b2a,0.532
en-de-starved,starved,en-de,6,1000,2.0,mexa_mutual,0.42
en-de-starved,starved,en-de,6,1000,2.0,hungarian,0.888
en-de-starved,starved,en-de,6,1000,3.0,top1_a2b,0.477
en-de-starved,starved,en-de,6,1000,3.0,top1_b2a,0.515
en-de-starved,starved,en-de,6,1000,3.0,mexa_mutual,0.404
en-de-starved,starved,en-de,6,1000,3.0,hungarian,0.875
en-de-starved,starved,en-de,6,1000,4.0,top1_a2b,0.497
en-de-starved,starved,en-de,6,1000,4.0,top1_b2a,0.51
en-de-starved,starved,en-de,6,1000,4.0,mexa_mutual,0.409
en-de-starved,starved,en-de,6,1000,4.0,hungarian,0.892
en-de-starved,starved,en-de,7,2009,,top1_a2b,0.5326032852165257
en-de-starved,starved,en-de,7,2009,,top1_b2a,0.560477849676456
en-de-starved,starved,en-de,7,2009,,mexa_mutual,0.46938775510204084
en-de-starved,starved,en-de,7,2009,,hungarian,0.9059233449477352
en-de-starved,starved,en-de,7,1000,0.0,top1_a2b,0.534
en-de-starved,starved,en-de,7,1000,0.0,top1_b2a,0.575
en-de-starved,starved,en-de,7,1000,0.0,mexa_mutual,0.479
en-de-starved,starved,en-de,7,1000,0.0,hungarian,0.91
en-de-starved,starved,en-de,7,1000,1.0,top1_a2b,0.576
en-de-starved,starved,en-de,7,1000,1.0,top1_b2a,0.607
en-de-starved,starved,en-de,7,1000,1.0,mexa_mutual,0.516
en-de-starved,starved,en-de,7,1000,1.0,hungarian,0.916
en-de-starved,starved,en-de,7,1000,2.0,top1_a2b,0.56
en-de-starved,starved,en-de,7,1000,2.0,top1_b2a,0.586
en-de-starved,starved,en-de,7,1000,2.0,mexa_mutual,0.495
en-de-starved,starved,en-de,7,1000,2.0,hungarian,0.91
en-de-starved,starved,en-de,7,1000,3.0,top1_a2b,0.561
en-de-starved,starved,en-de,7,1000,3.0,top1_b2a,0.585
en-de-starved,starved,en-de,7,1000,3.0,mexa_mutual,0.498
en-de-starved,starved,en-de,7,1000,3.0,hungarian,0.887
en-de-starved,starved,en-de,7,1000,4.0,top1_a2b,0.565
en-de-starved,starved,en-de,7,1000,4.0,top1_b2a,0.572
en-de-starved,starved,en-de,7,1000,4.0,mexa_mutual,0.486
en-de-starved,starved,en-de,7,1000,4.0,hungarian,0.904
en-de-starved,starved,en-de,8,2009,,top1_a2b,0.44300647088103534
en-de-starved,starved,en-de,8,2009,,top1_b2a,0.6450970632155301
en-de-starved,starved,en-de,8,2009,,mexa_mutual,0.4295669487307118
en-de-starved,starved,en-de,8,2009,,hungarian,0.904927824788452
en-de-starved,starved,en-de,8,1000,0.0,top1_a2b,0.442
en-de-starved,starved,en-de,8,1000,0.0,top1_b2a,0.657
en-de-starved,starved,en-de,8,1000,0.0,mexa_mutual,0.432
en-de-starved,starved,en-de,8,1000,0.0,hungarian,0.91
en-de-starved,starved,en-de,8,1000,1.0,top1_a2b,0.479
en-de-starved,starved,en-de,8,1000,1.0,top1_b2a,0.676
en-de-starved,starved,en-de,8,1000,1.0,mexa_mutual,0.465
en-de-starved,starved,en-de,8,1000,1.0,hungarian,0.91
en-de-starved,starved,en-de,8,1000,2.0,top1_a2b,0.468
en-de-starved,starved,en-de,8,1000,2.0,top1_b2a,0.674
en-de-starved,starved,en-de,8,1000,2.0,mexa_mutual,0.452
en-de-starved,starved,en-de,8,1000,2.0,hungarian,0.923
en-de-starved,starved,en-de,8,1000,3.0,top1_a2b,0.478
en-de-starved,starved,en-de,8,1000,3.0,top1_b2a,0.662
en-de-starved,starved,en-de,8,1000,3.0,mexa_mutual,0.459
en-de-starved,starved,en-de,8,1000,3.0,hungarian,0.897
en-de-starved,starved,en-de,8,1000,4.0,top1_a2b,0.464
en-de-starved,starved,en-de,8,1000,4.0,top1_b2a,0.67
en-de-starved,starved,en-de,8,1000,4.0,mexa_mutual,0.446
en-de-starved,starved,en-de,8,1000,4.0,hungarian,0.905
en-de-starved,starved,en-de,9,2009,,top1_a2b,0.6107516177202589
en-de-starved,starved,en-de,9,2009,,top1_b2a,0.8387257341961175
en-de-starved,starved,en-de,9,2009,,mexa_mutual,0.6007964161274266
en-de-starved,starved,en-de,9,2009,,hungarian,0.9457441513190642
en-de-starved,starved,en-de,9,1000,0.0,top1_a2b,0.615
en-de-starved,starved,en-de,9,1000,0.0,top1_b2a,0.845
en-de-starved,starved,en-de,9,1000,0.0,mexa_mutual,0.605
en-de-starved,starved,en-de,9,1000,0.0,hungarian,0.946
en-de-starved,starved,en-de,9,1000,1.0,top1_a2b,0.648
en-de-starved,starved,en-de,9,1000,1.0,top1_b2a,0.866
en-de-starved,starved,en-de,9,1000,1.0,mexa_mutual,0.638
en-de-starved,starved,en-de,9,1000,1.0,hungarian,0.956
en-de-starved,starved,en-de,9,1000,2.0,top1_a2b,0.634
en-de-starved,starved,en-de,9,1000,2.0,top1_b2a,0.864
en-de-starved,starved,en-de,9,1000,2.0,mexa_mutual,0.621
en-de-starved,starved,en-de,9,1000,2.0,hungarian,0.945
en-de-starved,starved,en-de,9,1000,3.0,top1_a2b,0.651
en-de-starved,starved,en-de,9,1000,3.0,top1_b2a,0.841
en-de-starved,starved,en-de,9,1000,3.0,mexa_mutual,0.639
en-de-starved,starved,en-de,9,1000,3.0,hungarian,0.931
en-de-starved,starved,en-de,9,1000,4.0,top1_a2b,0.638
en-de-starved,starved,en-de,9,1000,4.0,top1_b2a,0.868
en-de-starved,starved,en-de,9,1000,4.0,mexa_mutual,0.628
en-de-starved,starved,en-de,9,1000,4.0,hungarian,0.944
en-de-starved,starved,en-de,10,2009,,top1_a2b,0.8168242906918866
en-de-starved,starved,en-de,10,2009,,top1_b2a,0.9561971129915381
en-de-starved,starved,en-de,10,2009,,mexa_mutual,0.8018914883026381
en-de-starved,starved,en-de,10,2009,,hungarian,0.9686411149825784
en-de-starved,starved,en-de,10,1000,0.0,top1_a2b,0.833
en-de-starved,starved,en-de,10,1000,0.0,top1_b2a,0.956
en-de-starved,starved,en-de,10,1000,0.0,mexa_mutual,0.815
en-de-starved,starved,en-de,10,1000,0.0,hungarian,0.968
en-de-starved,starved,en-de,10,1000,1.0,top1_a2b,0.851
en-de-starved,starved,en-de,10,1000,1.0,top1_b2a,0.965
en-de-starved,starved,en-de,10,1000,1.0,mexa_mutual,0.837
en-de-starved,starved,en-de,10,1000,1.0,hungarian,0.975
en-de-starved,starved,en-de,10,1000,2.0,top1_a2b,0.836
en-de-starved,starved,en-de,10,1000,2.0,top1_b2a,0.959
en-de-starved,starved,en-de,10,1000,2.0,mexa_mutual,0.824
en-de-starved,starved,en-de,10,1000,2.0,hungarian,0.968
en-de-starved,starved,en-de,10,1000,3.0,top1_a2b,0.836
en-de-starved,starved,en-de,10,1000,3.0,top1_b2a,0.96
en-de-starved,starved,en-de,10,1000,3.0,mexa_mutual,0.818
en-de-starved,starved,en-de,10,1000,3.0,hungarian,0.97
en-de-starved,starved,en-de,10,1000,4.0,top1_a2b,0.851
en-de-starved,starved,en-de,10,1000,4.0,top1_b2a,0.965
en-de-starved,starved,en-de,10,1000,4.0,mexa_mutual,0.834
en-de-starved,starved,en-de,10,1000,4.0,hungarian,0.978
en-de-starved,starved,en-de,11,2009,,top1_a2b,0.9248382279741165
en-de-starved,starved,en-de,11,2009,,top1_b2a,0.9785963165754107
en-de-starved,starved,en-de,11,2009,,mexa_mutual,0.9113987058237929
en-de-starved,starved,en-de,11,2009,,hungarian,0.9920358387257342
en-de-starved,starved,en-de,11,1000,0.0,top1_a2b,0.939
en-de-starved,starved,en-de,11,1000,0.0,top1_b2a,0.983
en-de-starved,starved,en-de,11,1000,0.0,mexa_mutual,0.928
en-de-starved,starved,en-de,11,1000,0.0,hungarian,0.994
en-de-starved,starved,en-de,11,1000,1.0,top1_a2b,0.938
en-de-starved,starved,en-de,11,1000,1.0,top1_b2a,0.987
en-de-starved,starved,en-de,11,1000,1.0,mexa_mutual,0.929
en-de-starved,starved,en-de,11,1000,1.0,hungarian,0.995
en-de-starved,starved,en-de,11,1000,2.0,top1_a2b,0.934
en-de-starved,starved,en-de,11,1000,2.0,top1_b2a,0.979
en-de-starved,starved,en-de,11,1000,2.0,mexa_mutual,0.92
en-de-starved,starved,en-de,11,1000,2.0,hungarian,0.992
en-de-starved,starved,en-de,11,1000,3.0,top1_a2b,0.937
en-de-starved,starved,en-de,11,1000,3.0,top1_b2a,0.984
en-de-starved,starved,en-de,11,1000,3.0,mexa_mutual,0.923
en-de-starved,starved,en-de,11,1000,3.0,hungarian,0.996
en-de-starved,starved,en-de,11,1000,4.0,top1_a2b,0.944
en-de-starved,starved,en-de,11,1000,4.0,top1_b2a,0.982
en-de-starved,starved,en-de,11,1000,4.0,mexa_mutual,0.931
en-de-starved,starved,en-de,11,1000,4.0,hungarian,0.996
en-de-starved,starved,en-de,12,2009,,top1_a2b,0.960179193628671
en-de-starved,starved,en-de,12,2009,,top1_b2a,0.9875559980089597
en-de-starved,starved,en-de,12,2009,,mexa_mutual,0.9507217521154804
en-de-starved,starved,en-de,12,2009,,hungarian,0.9990044798407167
en-de-starved,starved,en-de,12,1000,0.0,top1_a2b,0.97
en-de-starved,starved,en-de,12,1000,0.0,top1_b2a,0.993
en-de-starved,starved,en-de,12,1000,0.0,mexa_mutual,0.964
en-de-starved,starved,en-de,12,1000,0.0,hungarian,0.998
en-de-starved,starved,en-de,12,1000,1.0,top1_a2b,0.967
en-de-starved,starved,en-de,12,1000,1.0,top1_b2a,0.992
en-de-starved,starved,en-de,12,1000,1.0,mexa_mutual,0.962
en-de-starved,starved,en-de,12,1000,1.0,hungarian,1.0
en-de-starved,starved,en-de,12,1000,2.0,top1_a2b,0.961
en-de-starved,starved,en-de,12,1000,2.0,top1_b2a,0.99
en-de-starved,starved,en-de,12,1000,2.0,mexa_mutual,0.954
en-de-starved,starved,en-de,12,1000,2.0,hungarian,0.998
en-de-starved,starved,en-de,12,1000,3.0,top1_a2b,0.966
en-de-starved,starved,en-de,12,1000,3.0,top1_b2a,0.991
en-de-starved,starved,en-de,12,1000,3.0,mexa_mutual,0.958
en-de-starved,starved,en-de,12,1000,3.0,hungarian,1.0
en-de-starved,starved,en-de,12,1000,4.0,top1_a2b,0.973
en-de-starved,starved,en-de,12,1000,4.0,top1_b2a,0.988
en-de-starved,starved,en-de,12,1000,4.0,mexa_mutual,0.964
en-de-starved,starved,en-de,12,1000,4.0,hungarian,0.998
en-de-starved,starved,en-de,13,2009,,top1_a2b,0.9810851169736187
en-de-starved,starved,en-de,13,2009,,top1_b2a,0.9960179193628671
en-de-starved,starved,en-de,13,2009,,mexa_mutual,0.9785963165754107
en-de-starved,starved,en-de,13,2009,,hungarian,1.0
en-de-starved,starved,en-de,13,1000,0.0,top1_a2b,0.987
en-de-starved,starved,en-de,13,1000,0.0,top1_b2a,0.996
en-de-starved,starved,en-de,13,1000,0.0,mexa_mutual,0.984
en-de-starved,starved,en-de,13,1000,0.0,hungarian,1.0
en-de-starved,starved,en-de,13,1000,1.0,top1_a2b,0.985
en-de-starved,starved,en-de,13,1000,1.0,top1_b2a,0.997
en-de-starved,starved,en-de,13,1000,1.0,mexa_mutual,0.984
en-de-starved,starved,en-de,13,1000,1.0,hungarian,1.0
en-de-starved,starved,en-de,13,1000,2.0,top1_a2b,0.987
en-de-starved,starved,en-de,13,1000,2.0,top1_b2a,0.996
en-de-starved,starved,en-de,13,1000,2.0,mexa_mutual,0.984
en-de-starved,starved,en-de,13,1000,2.0,hungarian,1.0
en-de-starved,starved,en-de,13,1000,3.0,top1_a2b,0.984
en-de-starved,starved,en-de,13,1000,3.0,top1_b2a,0.996
en-de-starved,starved,en-de,13,1000,3.0,mexa_mutual,0.981
en-de-starved,starved,en-de,13,1000,3.0,hungarian,1.0
en-de-starved,starved,en-de,13,1000,4.0,top1_a2b,0.988
en-de-starved,starved,en-de,13,1000,4.0,top1_b2a,0.995
en-de-starved,starved,en-de,13,1000,4.0,mexa_mutual,0.985
en-de-starved,starved,en-de,13,1000,4.0,hungarian,1.0
en-de-starved,starved,en-de,14,2009,,top1_a2b,0.9900447984071677
en-de-starved,starved,en-de,14,2009,,top1_b2a,0.9970134395221503
en-de-starved,starved,en-de,14,2009,,mexa_mutual,0.9880537580886013
en-de-starved,starved,en-de,14,2009,,hungarian,1.0
en-de-starved,starved,en-de,14,1000,0.0,top1_a2b,0.994
en-de-starved,starved,en-de,14,1000,0.0,top1_b2a,0.998
en-de-starved,starved,en-de,14,1000,0.0,mexa_mutual,0.992
en-de-starved,starved,en-de,14,1000,0.0,hungarian,1.0
en-de-starved,starved,en-de,14,1000,1.0,top1_a2b,0.993
en-de-starved,starved,en-de,14,1000,1.0,top1_b2a,0.996
en-de-starved,starved,en-de,14,1000,1.0,mexa_mutual,0.99
en-de-starved,starved,en-de,14,1000,1.0,hungarian,1.0
en-de-starved,starved,en-de,14,1000,2.0,top1_a2b,0.993
en-de-starved,starved,en-de,14,1000,2.0,top1_b2a,0.999
en-de-starved,starved,en-de,14,1000,2.0,mexa_mutual,0.992
en-de-starved,starved,en-de,14,1000,2.0,hungarian,1.0
en-de-starved,starved,en-de,14,1000,3.0,top1_a2b,0.999
en-de-starved,starved,en-de,14,1000,3.0,top1_b2a,0.997
en-de-starved,starved,en-de,14,1000,3.0,mexa_mutual,0.997
en-de-starved,starved,en-de,14,1000,3.0,hungarian,1.0
en-de-starved,starved,en-de,14,1000,4.0,top1_a2b,0.994
en-de-starved,starved,en-de,14,1000,4.0,top1_b2a,0.997
en-de-starved,starved,en-de,14,1000,4.0,mexa_mutual,0.992
en-de-starved,starved,en-de,14,1000,4.0,hungarian,1.0
en-de-starved,starved,en-de,15,2009,,top1_a2b,0.9810851169736187
en-de-starved,starved,en-de,15,2009,,top1_b2a,0.9945246391239423
en-de-starved,starved,en-de,15,2009,,mexa_mutual,0.9771030363364858
en-de-starved,starved,en-de,15,2009,,hungarian,1.0
en-de-starved,starved,en-de,15,1000,0.0,top1_a2b,0.987
en-de-starved,starved,en-de,15,1000,0.0,top1_b2a,0.998
en-de-starved,starved,en-de,15,1000,0.0,mexa_mutual,0.985
en-de-starved,starved,en-de,15,1000,0.0,hungarian,1.0
en-de-starved,starved,en-de,15,1000,1.0,top1_a2b,0.988
en-de-starved,starved,en-de,15,1000,1.0,top1_b2a,0.994
en-de-starved,starved,en-de,15,1000,1.0,mexa_mutual,0.984
en-de-starved,starved,en-de,15,1000,1.0,hungarian,1.0
en-de-starved,starved,en-de,15,1000,2.0,top1_a2b,0.99
en-de-starved,starved,en-de,15,1000,2.0,top1_b2a,0.999
en-de-starved,starved,en-de,15,1000,2.0,mexa_mutual,0.989
en-de-starved,starved,en-de,15,1000,2.0,hungarian,1.0
en-de-starved,starved,en-de,15,1000,3.0,top1_a2b,0.988
en-de-starved,starved,en-de,15,1000,3.0,top1_b2a,0.996
en-de-starved,starved,en-de,15,1000,3.0,mexa_mutual,0.986
en-de-starved,starved,en-de,15,1000,3.0,hungarian,1.0
en-de-starved,starved,en-de,15,1000,4.0,top1_a2b,0.985
en-de-starved,starved,en-de,15,1000,4.0,top1_b2a,0.996
en-de-starved,starved,en-de,15,1000,4.0,mexa_mutual,0.983
en-de-starved,starved,en-de,15,1000,4.0,hungarian,1.0
en-de-starved,starved,en-de,16,2009,,top1_a2b,0.7775012444001991
en-de-starved,starved,en-de,16,2009,,top1_b2a,0.5490293678446988
en-de-starved,starved,en-de,16,2009,,mexa_mutual,0.45893479342956695
en-de-starved,starved,en-de,16,2009,,hungarian,1.0
en-de-starved,starved,en-de,16,1000,0.0,top1_a2b,0.867
en-de-starved,starved,en-de,16,1000,0.0,top1_b2a,0.589
en-de-starved,starved,en-de,16,1000,0.0,mexa_mutual,0.531
en-de-starved,starved,en-de,16,1000,0.0,hungarian,1.0
en-de-starved,starved,en-de,16,1000,1.0,top1_a2b,0.855
en-de-starved,starved,en-de,16,1000,1.0,top1_b2a,0.583
en-de-starved,starved,en-de,16,1000,1.0,mexa_mutual,0.52
en-de-starved,starved,en-de,16,1000,1.0,hungarian,1.0
en-de-starved,starved,en-de,16,1000,2.0,top1_a2b,0.873
en-de-starved,starved,en-de,16,1000,2.0,top1_b2a,0.629
en-de-starved,starved,en-de,16,1000,2.0,mexa_mutual,0.563
en-de-starved,starved,en-de,16,1000,2.0,hungarian,1.0
en-de-starved,starved,en-de,16,1000,3.0,top1_a2b,0.792
en-de-starved,starved,en-de,16,1000,3.0,top1_b2a,0.616
en-de-starved,starved,en-de,16,1000,3.0,mexa_mutual,0.513
en-de-starved,starved,en-de,16,1000,3.0,hungarian,1.0
en-de-starved,starved,en-de,16,1000,4.0,top1_a2b,0.877
en-de-starved,starved,en-de,16,1000,4.0,top1_b2a,0.595
en-de-starved,starved,en-de,16,1000,4.0,mexa_mutual,0.539
en-de-starved,starved,en-de,16,1000,4.0,hungarian,1.0
en-fr-starved,starved,en-fr,0,2009,,top1_a2b,0.452463912394226
en-fr-starved,starved,en-fr,0,2009,,top1_b2a,0.437033349925336
en-fr-starved,starved,en-fr,0,2009,,mexa_mutual,0.3638626182180189
en-fr-starved,starved,en-fr,0,2009,,hungarian,0.5405674464907915
en-fr-starved,starved,en-fr,0,1000,0.0,top1_a2b,0.476
en-fr-starved,starved,en-fr,0,1000,0.0,top1_b2a,0.455
en-fr-starved,starved,en-fr,0,1000,0.0,mexa_mutual,0.379
en-fr-starved,starved,en-fr,0,1000,0.0,hungarian,0.573
en-fr-starved,starved,en-fr,0,1000,1.0,top1_a2b,0.507
en-fr-starved,starved,en-fr,0,1000,1.0,top1_b2a,0.505
en-fr-starved,starved,en-fr,0,1000,1.0,mexa_mutual,0.425
en-fr-starved,starved,en-fr,0,1000,1.0,hungarian,0.619
en-fr-starved,starved,en-fr,0,1000,2.0,top1_a2b,0.48
en-fr-starved,starved,en-fr,0,1000,2.0,top1_b2a,0.47
en-fr-starved,starved,en-fr,0,1000,2.0,mexa_mutual,0.397
en-fr-starved,starved,en-fr,0,1000,2.0,hungarian,0.58
en-fr-starved,starved,en-fr,0,1000,3.0,top1_a2b,0.509
en-fr-starved,starved,en-fr,0,1000,3.0,top1_b2a,0.494
en-fr-starved,starved,en-fr,0,1000,3.0,mexa_mutual,0.429
en-fr-starved,starved,en-fr,0,1000,3.0,hungarian,0.601
en-fr-starved,starved,en-fr,0,1000,4.0,top1_a2b,0.485
en-fr-starved,starved,en-fr,0,1000,4.0,top1_b2a,0.494
en-fr-starved,starved,en-fr,0,1000,4.0,mexa_mutual,0.412
en-fr-starved,starved,en-fr,0,1000,4.0,hungarian,0.586
en-fr-starved,starved,en-fr,1,2009,,top1_a2b,0.6525634644101543
en-fr-starved,starved,en-fr,1,2009,,top1_b2a,0.4967645594823295
en-fr-starved,starved,en-fr,1,2009,,mexa_mutual,0.45594823295171727
en-fr-starved,starved,en-fr,1,2009,,hungarian,0.8526630164260827
en-fr-starved,starved,en-fr,1,1000,0.0,top1_a2b,0.661
en-fr-starved,starved,en-fr,1,1000,0.0,top1_b2a,0.502
en-fr-starved,starved,en-fr,1,1000,0.0,mexa_mutual,0.454
en-fr-starved,starved,en-fr,1,1000,0.0,hungarian,0.87
en-fr-starved,starved,en-fr,1,1000,1.0,top1_a2b,0.694
en-fr-starved,starved,en-fr,1,1000,1.0,top1_b2a,0.54
en-fr-starved,starved,en-fr,1,1000,1.0,mexa_mutual,0.506
en-fr-starved,starved,en-fr,1,1000,1.0,hungarian,0.878
en-fr-starved,starved,en-fr,1,1000,2.0,top1_a2b,0.679
en-fr-starved,starved,en-fr,1,1000,2.0,top1_b2a,0.569
en-fr-starved,starved,en-fr,1,1000,2.0,mexa_mutual,0.507
en-fr-starved,starved,en-fr,1,1000,2.0,hungarian,0.874
en-fr-starved,starved,en-fr,1,1000,3.0,top1_a2b,0.675
en-fr-starved,starved,en-fr,1,1000,3.0,top1_b2a,0.542
en-fr-starved,starved,en-fr,1,1000,3.0,mexa_mutual,0.494
en-fr-starved,starved,en-fr,1,1000,3.0,hungarian,0.867
en-fr-starved,starved,en-fr,1,1000,4.0,top1_a2b,0.699
en-fr-starved,starved,en-fr,1,1000,4.0,top1_b2a,0.558
en-fr-starved,starved,en-fr,1,1000,4.0,mexa_mutual,0.518
en-fr-starved,starved,en-fr,1,1000,4.0,hungarian,0.873
en-fr-starved,starved,en-fr,2,2009,,top1_a2b,0.6764559482329517
en-fr-starved,starved,en-fr,2,2009,,top1_b2a,0.43902439024390244
en-fr-starved,starved,en-fr,2,2009,,mexa_mutual,0.3932304629168741
en-fr-starved,starved,en-fr,2,2009,,hungarian,0.8850174216027874
en-fr-starved,starved,en-fr,2,1000,0.0,top1_a2b,0.685
en-fr-starved,starved,en-fr,2,1000,0.0,top1_b2a,0.449
en-fr-starved,starved,en-fr,2,1000,0.0,mexa_mutual,0.4
en-fr-starved,starved,en-fr,2,1000,0.0,hungarian,0.909
en-fr-starved,starved,en-fr,2,1000,1.0,top1_a2b,0.742
en-fr-starved,starved,en-fr,2,1000,1.0,top1_b2a,0.499
en-fr-starved,starved,en-fr,2,1000,1.0,mexa_mutual,0.463
en-fr-starved,starved,en-fr,2,1000,1.0,hungarian,0.91
en-fr-starved,starved,en-fr,2,1000,2.0,top1_a2b,0.712
en-fr-starved,starved,en-fr,2,1000,2.0,top1_b2a,0.493
en-fr-starved,starved,en-fr,2,1000,2.0,mexa_mutual,0.439
en-fr-starved,starved,en-fr,2,1000,2.0,hungarian,0.915
en-fr-starved,starved,en-fr,2,1000,3.0,top1_a2b,0.711
en-fr-starved,starved,en-fr,2,1000,3.0,top1_b2a,0.477
en-fr-starved,starved,en-fr,2,1000,3.0,mexa_mutual,0.431
en-fr-starved,starved,en-fr,2,1000,3.0,hungarian,0.895
en-fr-starved,starved,en-fr,2,1000,4.0,top1_a2b,0.708
en-fr-starved,starved,en-fr,2,1000,4.0,top1_b2a,0.491
en-fr-starved,starved,en-fr,2,1000,4.0,mexa_mutual,0.444
en-fr-starved,starved,en-fr,2,1000,4.0,hungarian,0.903
en-fr-starved,starved,en-fr,3,2009,,top1_a2b,0.754604280736685
en-fr-starved,starved,en-fr,3,2009,,top1_b2a,0.4883026381284221
en-fr-starved,starved,en-fr,3,2009,,mexa_mutual,0.45594823295171727
en-fr-starved,starved,en-fr,3,2009,,hungarian,0.9482329517172723
en-fr-starved,starved,en-fr,3,1000,0.0,top1_a2b,0.764
en-fr-starved,starved,en-fr,3,1000,0.0,top1_b2a,0.504
en-fr-starved,starved,en-fr,3,1000,0.0,mexa_mutual,0.471
en-fr-starved,starved,en-fr,3,1000,0.0,hungarian,0.965
en-fr-starved,starved,en-fr,3,1000,1.0,top1_a2b,0.812
en-fr-starved,starved,en-fr,3,1000,1.0,top1_b2a,0.552
en-fr-starved,starved,en-fr,3,1000,1.0,mexa_mutual,0.525
en-fr-starved,starved,en-fr,3,1000,1.0,hungarian,0.965
en-fr-starved,starved,en-fr,3,1000,2.0,top1_a2b,0.791
en-fr-starved,starved,en-fr,3,1000,2.0,top1_b2a,0.537
en-fr-starved,starved,en-fr,3,1000,2.0,mexa_mutual,0.498
en-fr-starved,starved,en-fr,3,1000,2.0,hungarian,0.966
en-fr-starved,starved,en-fr,3,1000,3.0,top1_a2b,0.776
en-fr-starved,starved,en-fr,3,1000,3.0,top1_b2a,0.529
en-fr-starved,starved,en-fr,3,1000,3.0,mexa_mutual,0.491
en-fr-starved,starved,en-fr,3,1000,3.0,hungarian,0.944
en-fr-starved,starved,en-fr,3,1000,4.0,top1_a2b,0.787
en-fr-starved,starved,en-fr,3,1000,4.0,top1_b2a,0.54
en-fr-starved,starved,en-fr,3,1000,4.0,mexa_mutual,0.507
en-fr-starved,starved,en-fr,3,1000,4.0,hungarian,0.965
en-fr-starved,starved,en-fr,4,2009,,top1_a2b,0.8267794922847188
en-fr-starved,starved,en-fr,4,2009,,top1_b2a,0.5569935291189647
en-fr-starved,starved,en-fr,4,2009,,mexa_mutual,0.5261324041811847
en-fr-starved,starved,en-fr,4,2009,,hungarian,0.9895470383275261
en-fr-starved,starved,en-fr,4,1000,0.0,top1_a2b,0.832
en-fr-starved,starved,en-fr,4,1000,0.0,top1_b2a,0.56
en-fr-starved,starved,en-fr,4,1000,0.0,mexa_mutual,0.525
en-fr-starved,starved,en-fr,4,1000,0.0,hungarian,0.998
en-fr-starved,starved,en-fr,4,1000,1.0,top1_a2b,0.871
en-fr-starved,starved,en-fr,4,1000,1.0,top1_b2a,0.601
en-fr-starved,starved,en-fr,4,1000,1.0,mexa_mutual,0.579
en-fr-starved,starved,en-fr,4,1000,1.0,hungarian,0.992
en-fr-starved,starved,en-fr,4,1000,2.0,top1_a2b,0.865
en-fr-starved,starved,en-fr,4,1000,2.0,top1_b2a,0.606
en-fr-starved,starved,en-fr,4,1000,2.0,mexa_mutual,0.572
en-fr-starved,starved,en-fr,4,1000,2.0,hungarian,0.998
en-fr-starved,starved,en-fr,4,1000,3.0,top1_a2b,0.848
en-fr-starved,starved,en-fr,4,1000,3.0,top1_b2a,0.6
en-fr-starved,starved,en-fr,4,1000,3.0,mexa_mutual,0.565
en-fr-starved,starved,en-fr,4,1000,3.0,hungarian,0.992
en-fr-starved,starved,en-fr,4,1000,4.0,top1_a2b,0.861
en-fr-starved,starved,en-fr,4,1000,4.0,top1_b2a,0.6
en-fr-starved,starved,en-fr,4,1000,4.0,mexa_mutual,0.574
en-fr-starved,starved,en-fr,4,1000,4.0,hungarian,1.0
en-fr-starved,starved,en-fr,5,2009,,top1_a2b,0.7312095569935291
en-fr-starved,starved,en-fr,5,2009,,top1_b2a,0.6431060228969636
en-fr-starved,starved,en-fr,5,2009,,mexa_mutual,0.5973120955699353
en-fr-starved,starved,en-fr,5,2009,,hungarian,0.9805873568939771
en-fr-starved,starved,en-fr,5,1000,0.0,top1_a2b,0.746
en-fr-starved,starved,en-fr,5,1000,0.0,top1_b2a,0.643
en-fr-starved,starved,en-fr,5,1000,0.0,mexa_mutual,0.599
en-fr-starved,starved,en-fr,5,1000,0.0,hungarian,0.992
en-fr-starved,starved,en-fr,5,1000,1.0,top1_a2b,0.769
en-fr-starved,starved,en-fr,5,1000,1.0,top1_b2a,0.684
en-fr-starved,starved,en-fr,5,1000,1.0,mexa_mutual,0.643
en-fr-starved,starved,en-fr,5,1000,1.0,hungarian,0.982
en-fr-starved,starved,en-fr,5,1000,2.0,top1_a2b,0.759
en-fr-starved,starved,en-fr,5,1000,2.0,top1_b2a,0.673
en-fr-starved,starved,en-fr,5,1000,2.0,mexa_mutual,0.631
en-fr-starved,starved,en-fr,5,1000,2.0,hungarian,0.986
en-fr-starved,starved,en-fr,5,1000,3.0,top1_a2b,0.745
en-fr-starved,starved,en-fr,5,1000,3.0,top1_b2a,0.661
en-fr-starved,starved,en-fr,5,1000,3.0,mexa_mutual,0.613
en-fr-starved,starved,en-fr,5,1000,3.0,hungarian,0.981
en-fr-starved,starved,en-fr,5,1000,4.0,top1_a2b,0.771
en-fr-starved,starved,en-fr,5,1000,4.0,top1_b2a,0.681
en-fr-starved,starved,en-fr,5,1000,4.0,mexa_mutual,0.643
en-fr-starved,starved,en-fr,5,1000,4.0,hungarian,0.99
en-fr-starved,starved,en-fr,6,2009,,top1_a2b,0.4091587854654057
en-fr-starved,starved,en-fr,6,2009,,top1_b2a,0.554006968641115
en-fr-starved,starved,en-fr,6,2009,,mexa_mutual,0.39671478347436534
en-fr-starved,starved,en-fr,6,2009,,hungarian,0.8481831757093081
en-fr-starved,starved,en-fr,6,1000,0.0,top1_a2b,0.408
en-fr-starved,starved,en-fr,6,1000,0.0,top1_b2a,0.556
en-fr-starved,starved,en-fr,6,1000,0.0,mexa_mutual,0.398
en-fr-starved,starved,en-fr,6,1000,0.0,hungarian,0.843
en-fr-starved,starved,en-fr,6,1000,1.0,top1_a2b,0.443
en-fr-starved,starved,en-fr,6,1000,1.0,top1_b2a,0.596
en-fr-starved,starved,en-fr,6,1000,1.0,mexa_mutual,0.432
en-fr-starved,starved,en-fr,6,1000,1.0,hungarian,0.86
en-fr-starved,starved,en-fr,6,1000,2.0,top1_a2b,0.438
en-fr-starved,starved,en-fr,6,1000,2.0,top1_b2a,0.579
en-fr-starved,starved,en-fr,6,1000,2.0,mexa_mutual,0.422
en-fr-starved,starved,en-fr,6,1000,2.0,hungarian,0.864
en-fr-starved,starved,en-fr,6,1000,3.0,top1_a2b,0.42
en-fr-starved,starved,en-fr,6,1000,3.0,top1_b2a,0.581
en-fr-starved,starved,en-fr,6,1000,3.0,mexa_mutual,0.409
en-fr-starved,starved,en-fr,6,1000,3.0,hungarian,0.843
en-fr-starved,starved,en-fr,6,1000,4.0,top1_a2b,0.443
en-fr-starved,starved,en-fr,6,1000,4.0,top1_b2a,0.597
en-fr-starved,starved,en-fr,6,1000,4.0,mexa_mutual,0.435
en-fr-starved,starved,en-fr,6,1000,4.0,hungarian,0.854
en-fr-starved,starved,en-fr,7,2009,,top1_a2b,0.47038327526132406
en-fr-starved,starved,en-fr,7,2009,,top1_b2a,0.6266799402687905
en-fr-starved,starved,en-fr,7,2009,,mexa_mutual,0.45047287207565956
en-fr-starved,starved,en-fr,7,2009,,hungarian,0.8546540567446491
en-fr-starved,starved,en-fr,7,1000,0.0,top1_a2b,0.472
en-fr-starved,starved,en-fr,7,1000,0.0,top1_b2a,0.641
en-fr-starved,starved,en-fr,7,1000,0.0,mexa_mutual,0.458
en-fr-starved,starved,en-fr,7,1000,0.0,hungarian,0.847
en-fr-starved,starved,en-fr,7,1000,1.0,top1_a2b,0.5
en-fr-starved,starved,en-fr,7,1000,1.0,top1_b2a,0.654
en-fr-starved,starved,en-fr,7,1000,1.0,mexa_mutual,0.484
en-fr-starved,starved,en-fr,7,1000,1.0,hungarian,0.872
en-fr-starved,starved,en-fr,7,1000,2.0,top1_a2b,0.497
en-fr-starved,starved,en-fr,7,1000,2.0,top1_b2a,0.66
en-fr-starved,starved,en-fr,7,1000,2.0,mexa_mutual,0.48
en-fr-starved,starved,en-fr,7,1000,2.0,hungarian,0.863
en-fr-starved,starved,en-fr,7,1000,3.0,top1_a2b,0.491
en-fr-starved,starved,en-fr,7,1000,3.0,top1_b2a,0.657
en-fr-starved,starved,en-fr,7,1000,3.0,mexa_mutual,0.475
en-fr-starved,starved,en-fr,7,1000,3.0,hungarian,0.853
en-fr-starved,starved,en-fr,7,1000,4.0,top1_a2b,0.499
en-fr-starved,starved,en-fr,7,1000,4.0,top1_b2a,0.655
en-fr-starved,starved,en-fr,7,1000,4.0,mexa_mutual,0.486
en-fr-starved,starved,en-fr,7,1000,4.0,hungarian,0.854
en-fr-starved,starved,en-fr,8,2009,,top1_a2b,0.6794425087108014
en-fr-starved,starved,en-fr,8,2009,,top1_b2a,0.8685913389746143
en-fr-starved,starved,en-fr,8,2009,,mexa_mutual,0.6630164260826281
en-fr-starved,starved,en-fr,8,2009,,hungarian,0.9323046291687407
en-fr-starved,starved,en-fr,8,1000,0.0,top1_a2b,0.674
en-fr-starved,starved,en-fr,8,1000,0.0,top1_b2a,0.88
en-fr-starved,starved,en-fr,8,1000,0.0,mexa_mutual,0.662
en-fr-starved,starved,en-fr,8,1000,0.0,hungarian,0.919
en-fr-starved,starved,en-fr,8,1000,1.0,top1_a2b,0.718
en-fr-starved,starved,en-fr,8,1000,1.0,top1_b2a,0.888
en-fr-starved,starved,en-fr,8,1000,1.0,mexa_mutual,0.703
en-fr-starved,starved,en-fr,8,1000,1.0,hungarian,0.948
en-fr-starved,starved,en-fr,8,1000,2.0,top1_a2b,0.71
en-fr-starved,starved,en-fr,8,1000,2.0,top1_b2a,0.888
en-fr-starved,starved,en-fr,8,1000,2.0,mexa_mutual,0.697
en-fr-starved,starved,en-fr,8,1000,2.0,hungarian,0.935
en-fr-starved,starved,en-fr,8,1000,3.0,top1_a2b,0.708
en-fr-starved,starved,en-fr,8,1000,3.0,top1_b2a,0.884
en-fr-starved,starved,en-fr,8,1000,3.0,mexa_mutual,0.69
en-fr-starved,starved,en-fr,8,1000,3.0,hungarian,0.944
en-fr-starved,starved,en-fr,8,1000,4.0,top1_a2b,0.72
en-fr-starved,starved,en-fr,8,1000,4.0,top1_b2a,0.89
en-fr-starved,starved,en-fr,8,1000,4.0,mexa_mutual,0.707
en-fr-starved,starved,en-fr,8,1000,4.0,hungarian,0.927
en-fr-starved,starved,en-fr,9,2009,,top1_a2b,0.8063713290194127
en-fr-starved,starved,en-fr,9,2009,,top1_b2a,0.9442508710801394
en-fr-starved,starved,en-fr,9,2009,,mexa_mutual,0.7874564459930313
en-fr-starved,starved,en-fr,9,2009,,hungarian,0.9711299153807864
en-fr-starved,starved,en-fr,9,1000,0.0,top1_a2b,0.815
en-fr-starved,starved,en-fr,9,1000,0.0,top1_b2a,0.948
en-fr-starved,starved,en-fr,9,1000,0.0,mexa_mutual,0.79
en-fr-starved,starved,en-fr,9,1000,0.0,hungarian,0.977
en-fr-starved,starved,en-fr,9,1000,1.0,top1_a2b,0.833
en-fr-starved,starved,en-fr,9,1000,1.0,top1_b2a,0.953
en-fr-starved,starved,en-fr,9,1000,1.0,mexa_mutual,0.816
en-fr-starved,starved,en-fr,9,1000,1.0,hungarian,0.979
en-fr-starved,starved,en-fr,9,1000,2.0,top1_a2b,0.824
en-fr-starved,starved,en-fr,9,1000,2.0,top1_b2a,0.956
en-fr-starved,starved,en-fr,9,1000,2.0,mexa_mutual,0.808
en-fr-starved,starved,en-fr,9,1000,2.0,hungarian,0.982
en-fr-starved,starved,en-fr,9,1000,3.0,top1_a2b,0.83
en-fr-starved,starved,en-fr,9,1000,3.0,top1_b2a,0.95
en-fr-starved,starved,en-fr,9,1000,3.0,mexa_mutual,0.807
en-fr-starved,starved,en-fr,9,1000,3.0,hungarian,0.979
en-fr-starved,starved,en-fr,9,1000,4.0,top1_a2b,0.848
en-fr-starved,starved,en-fr,9,1000,4.0,top1_b2a,0.942
en-fr-starved,starved,en-fr,9,1000,4.0,mexa_mutual,0.82
en-fr-starved,starved,en-fr,9,1000,4.0,hungarian,0.979
en-fr-starved,starved,en-fr,10,2009,,top1_a2b,0.913887506222001
en-fr-starved,starved,en-fr,10,2009,,top1_b2a,0.9736187157789945
en-fr-starved,starved,en-fr,10,2009,,mexa_mutual,0.8964659034345446
en-fr-starved,starved,en-fr,10,2009,,hungarian,0.9940268790443006
en-fr-starved,starved,en-fr,10,1000,0.0,top1_a2b,0.928
en-fr-starved,starved,en-fr,10,1000,0.0,top1_b2a,0.977
en-fr-starved,starved,en-fr,10,1000,0.0,mexa_mutual,0.91
en-fr-starved,starved,en-fr,10,1000,0.0,hungarian,1.0
en-fr-starved,starved,en-fr,10,1000,1.0,top1_a2b,0.931
en-fr-starved,starved,en-fr,10,1000,1.0,top1_b2a,0.975
en-fr-starved,starved,en-fr,10,1000,1.0,mexa_mutual,0.916
en-fr-starved,starved,en-fr,10,1000,1.0,hungarian,0.994
en-fr-starved,starved,en-fr,10,1000,2.0,top1_a2b,0.923
en-fr-starved,starved,en-fr,10,1000,2.0,top1_b2a,0.979
en-fr-starved,starved,en-fr,10,1000,2.0,mexa_mutual,0.909
en-fr-starved,starved,en-fr,10,1000,2.0,hungarian,0.994
en-fr-starved,starved,en-fr,10,1000,3.0,top1_a2b,0.929
en-fr-starved,starved,en-fr,10,1000,3.0,top1_b2a,0.974
en-fr-starved,starved,en-fr,10,1000,3.0,mexa_mutual,0.912
en-fr-starved,starved,en-fr,10,1000,3.0,hungarian,0.996
en-fr-starved,starved,en-fr,10,1000,4.0,top1_a2b,0.943
en-fr-starved,starved,en-fr,10,1000,4.0,top1_b2a,0.974
en-fr-starved,starved,en-fr,10,1000,4.0,mexa_mutual,0.922
en-fr-starved,starved,en-fr,10,1000,4.0,hungarian,0.992
en-fr-starved,starved,en-fr,11,2009,,top1_a2b,0.96913887506222
en-fr-starved,starved,en-fr,11,2009,,top1_b2a,0.9865604778496765
en-fr-starved,starved,en-fr,11,2009,,mexa_mutual,0.9576903932304629
en-fr-starved,starved,en-fr,11,2009,,hungarian,0.9980089596814335
en-fr-starved,starved,en-fr,11,1000,0.0,top1_a2b,0.976
en-fr-starved,starved,en-fr,11,1000,0.0,top1_b2a,0.989
en-fr-starved,starved,en-fr,11,1000,0.0,mexa_mutual,0.965
en-fr-starved,starved,en-fr,11,1000,0.0,hungarian,1.0
en-fr-starved,starved,en-fr,11,1000,1.0,top1_a2b,0.981
en-fr-starved,starved,en-fr,11,1000,1.0,top1_b2a,0.986
en-fr-starved,starved,en-fr,11,1000,1.0,mexa_mutual,0.969
en-fr-starved,starved,en-fr,11,1000,1.0,hungarian,0.998
en-fr-starved,starved,en-fr,11,1000,2.0,top1_a2b,0.978
en-fr-starved,starved,en-fr,11,1000,2.0,top1_b2a,0.989
en-fr-starved,starved,en-fr,11,1000,2.0,mexa_mutual,0.968
en-fr-starved,starved,en-fr,11,1000,2.0,hungarian,0.996
en-fr-starved,starved,en-fr,11,1000,3.0,top1_a2b,0.98
en-fr-starved,starved,en-fr,11,1000,3.0,top1_b2a,0.988
en-fr-starved,starved,en-fr,11,1000,3.0,mexa_mutual,0.969
en-fr-starved,starved,en-fr,11,1000,3.0,hungarian,0.998
en-fr-starved,starved,en-fr,11,1000,4.0,top1_a2b,0.979
en-fr-starved,starved,en-fr,11,1000,4.0,top1_b2a,0.989
en-fr-starved,starved,en-fr,11,1000,4.0,mexa_mutual,0.969
en-fr-starved,starved,en-fr,11,1000,4.0,hungarian,1.0
en-fr-starved,starved,en-fr,12,2009,,top1_a2b,0.9840716774514684
en-fr-starved,starved,en-fr,12,2009,,top1_b2a,0.9925335988053758
en-fr-starved,starved,en-fr,12,2009,,mexa_mutual,0.978098556495769
en-fr-starved,starved,en-fr,12,2009,,hungarian,0.9990044798407167
en-fr-starved,starved,en-fr,12,1000,0.0,top1_a2b,0.989
en-fr-starved,starved,en-fr,12,1000,0.0,top1_b2a,0.994
en-fr-starved,starved,en-fr,12,1000,0.0,mexa_mutual,0.983
en-fr-starved,starved,en-fr,12,1000,0.0,hungarian,1.0
en-fr-starved,starved,en-fr,12,1000,1.0,top1_a2b,0.988
en-fr-starved,starved,en-fr,12,1000,1.0,top1_b2a,0.992
en-fr-starved,starved,en-fr,12,1000,1.0,mexa_mutual,0.981
en-fr-starved,starved,en-fr,12,1000,1.0,hungarian,0.998
en-fr-starved,starved,en-fr,12,1000,2.0,top1_a2b,0.985
en-fr-starved,starved,en-fr,12,1000,2.0,top1_b2a,0.993
en-fr-starved,starved,en-fr,12,1000,2.0,mexa_mutual,0.98
en-fr-starved,starved,en-fr,12,1000,2.0,hungarian,0.998
en-fr-starved,starved,en-fr,12,1000,3.0,top1_a2b,0.988
en-fr-starved,starved,en-fr,12,1000,3.0,top1_b2a,0.993
en-fr-starved,starved,en-fr,12,1000,3.0,mexa_mutual,0.982
en-fr-starved,starved,en-fr,12,1000,3.0,hungarian,1.0
en-fr-starved,starved,en-fr,12,1000,4.0,top1_a2b,0.99
en-fr-starved,starved,en-fr,12,1000,4.0,top1_b2a,0.993
en-fr-starved,starved,en-fr,12,1000,4.0,mexa_mutual,0.984
en-fr-starved,starved,en-fr,12,1000,4.0,hungarian,1.0
en-fr-starved,starved,en-fr,13,2009,,top1_a2b,0.9895470383275261
en-fr-starved,starved,en-fr,13,2009,,top1_b2a,0.9960179193628671
en-fr-starved,starved,en-fr,13,2009,,mexa_mutual,0.9860627177700348
en-fr-starved,starved,en-fr,13,2009,,hungarian,1.0
en-fr-starved,starved,en-fr,13,1000,0.0,top1_a2b,0.995
en-fr-starved,starved,en-fr,13,1000,0.0,top1_b2a,0.997
en-fr-starved,starved,en-fr,13,1000,0.0,mexa_mutual,0.992
en-fr-starved,starved,en-fr,13,1000,0.0,hungarian,1.0
en-fr-starved,starved,en-fr,13,1000,1.0,top1_a2b,0.992
en-fr-starved,starved,en-fr,13,1000,1.0,top1_b2a,0.997
en-fr-starved,starved,en-fr,13,1000,1.0,mexa_mutual,0.989
en-fr-starved,starved,en-fr,13,1000,1.0,hungarian,1.0
en-fr-starved,starved,en-fr,13,1000,2.0,top1_a2b,0.991
en-fr-starved,starved,en-fr,13,1000,2.0,top1_b2a,0.997
en-fr-starved,starved,en-fr,13,1000,2.0,mexa_mutual,0.989
en-fr-starved,starved,en-fr,13,1000,2.0,hungarian,1.0
en-fr-starved,starved,en-fr,13,1000,3.0,top1_a2b,0.991
en-fr-starved,starved,en-fr,13,1000,3.0,top1_b2a,0.996
en-fr-starved,starved,en-fr,13,1000,3.0,mexa_mutual,0.987
en-fr-starved,starved,en-fr,13,1000,3.0,hungarian,1.0
en-fr-starved,starved,en-fr,13,1000,4.0,top1_a2b,0.992
en-fr-starved,starved,en-fr,13,1000,4.0,top1_b2a,0.996
en-fr-starved,starved,en-fr,13,1000,4.0,mexa_mutual,0.988
en-fr-starved,starved,en-fr,13,1000,4.0,hungarian,1.0
en-fr-starved,starved,en-fr,14,2009,,top1_a2b,0.9945246391239423
en-fr-starved,starved,en-fr,14,2009,,top1_b2a,0.9985067197610752
en-fr-starved,starved,en-fr,14,2009,,mexa_mutual,0.9930313588850174
en-fr-starved,starved,en-fr,14,2009,,hungarian,1.0
en-fr-starved,starved,en-fr,14,1000,0.0,top1_a2b,0.999
en-fr-starved,starved,en-fr,14,1000,0.0,top1_b2a,0.999
en-fr-starved,starved,en-fr,14,1000,0.0,mexa_mutual,0.998
en-fr-starved,starved,en-fr,14,1000,0.0,hungarian,1.0
en-fr-starved,starved,en-fr,14,1000,1.0,top1_a2b,0.997
en-fr-starved,starved,en-fr,14,1000,1.0,top1_b2a,0.999
en-fr-starved,starved,en-fr,14,1000,1.0,mexa_mutual,0.996
en-fr-starved,starved,en-fr,14,1000,1.0,hungarian,1.0
en-fr-starved,starved,en-fr,14,1000,2.0,top1_a2b,0.997
en-fr-starved,starved,en-fr,14,1000,2.0,top1_b2a,0.999
en-fr-starved,starved,en-fr,14,1000,2.0,mexa_mutual,0.996
en-fr-starved,starved,en-fr,14,1000,2.0,hungarian,1.0
en-fr-starved,starved,en-fr,14,1000,3.0,top1_a2b,0.994
en-fr-starved,starved,en-fr,14,1000,3.0,top1_b2a,0.999
en-fr-starved,starved,en-fr,14,1000,3.0,mexa_mutual,0.993
en-fr-starved,starved,en-fr,14,1000,3.0,hungarian,1.0
en-fr-starved,starved,en-fr,14,1000,4.0,top1_a2b,0.996
en-fr-starved,starved,en-fr,14,1000,4.0,top1_b2a,0.999
en-fr-starved,starved,en-fr,14,1000,4.0,mexa_mutual,0.995
en-fr-starved,starved,en-fr,14,1000,4.0,hungarian,1.0
en-fr-starved,starved,en-fr,15,2009,,top1_a2b,0.9885515181682429
en-fr-starved,starved,en-fr,15,2009,,top1_b2a,0.9915380786460926
en-fr-starved,starved,en-fr,15,2009,,mexa_mutual,0.9805873568939771
en-fr-starved,starved,en-fr,15,2009,,hungarian,1.0
en-fr-starved,starved,en-fr,15,1000,0.0,top1_a2b,0.992
en-fr-starved,starved,en-fr,15,1000,0.0,top1_b2a,0.989
en-fr-starved,starved,en-fr,15,1000,0.0,mexa_mutual,0.981
en-fr-starved,starved,en-fr,15,1000,0.0,hungarian,1.0
en-fr-starved,starved,en-fr,15,1000,1.0,top1_a2b,0.994
en-fr-starved,starved,en-fr,15,1000,1.0,top1_b2a,0.993
en-fr-starved,starved,en-fr,15,1000,1.0,mexa_mutual,0.987
en-fr-starved,starved,en-fr,15,1000,1.0,hungarian,1.0
en-fr-starved,starved,en-fr,15,1000,2.0,top1_a2b,0.997
en-fr-starved,starved,en-fr,15,1000,2.0,top1_b2a,0.996
en-fr-starved,starved,en-fr,15,1000,2.0,mexa_mutual,0.993
en-fr-starved,starved,en-fr,15,1000,2.0,hungarian,1.0
en-fr-starved,starved,en-fr,15,1000,3.0,top1_a2b,0.991
en-fr-starved,starved,en-fr,15,1000,3.0,top1_b2a,0.994
en-fr-starved,starved,en-fr,15,1000,3.0,mexa_mutual,0.985
en-fr-starved,starved,en-fr,15,1000,3.0,hungarian,1.0
en-fr-starved,starved,en-fr,15,1000,4.0,top1_a2b,0.991
en-fr-starved,starved,en-fr,15,1000,4.0,top1_b2a,0.991
en-fr-starved,starved,en-fr,15,1000,4.0,mexa_mutual,0.983
en-fr-starved,starved,en-fr,15,1000,4.0,hungarian,1.0
en-fr-starved,starved,en-fr,16,2009,,top1_a2b,0.9069188651070185
en-fr-starved,starved,en-fr,16,2009,,top1_b2a,0.5216525634644101
en-fr-starved,starved,en-fr,16,2009,,mexa_mutual,0.4808362369337979
en-fr-starved,starved,en-fr,16,2009,,hungarian,1.0
en-fr-starved,starved,en-fr,16,1000,0.0,top1_a2b,0.928
en-fr-starved,starved,en-fr,16,1000,0.0,top1_b2a,0.56
en-fr-starved,starved,en-fr,16,1000,0.0,mexa_mutual,0.525
en-fr-starved,starved,en-fr,16,1000,0.0,hungarian,1.0
en-fr-starved,starved,en-fr,16,1000,1.0,top1_a2b,0.927
en-fr-starved,starved,en-fr,16,1000,1.0,top1_b2a,0.566
en-fr-starved,starved,en-fr,16,1000,1.0,mexa_mutual,0.529
en-fr-starved,starved,en-fr,16,1000,1.0,hungarian,1.0
en-fr-starved,starved,en-fr,16,1000,2.0,top1_a2b,0.932
en-fr-starved,starved,en-fr,16,1000,2.0,top1_b2a,0.553
en-fr-starved,starved,en-fr,16,1000,2.0,mexa_mutual,0.515
en-fr-starved,starved,en-fr,16,1000,2.0,hungarian,1.0
en-fr-starved,starved,en-fr,16,1000,3.0,top1_a2b,0.928
en-fr-starved,starved,en-fr,16,1000,3.0,top1_b2a,0.588
en-fr-starved,starved,en-fr,16,1000,3.0,mexa_mutual,0.549
en-fr-starved,starved,en-fr,16,1000,3.0,hungarian,1.0
en-fr-starved,starved,en-fr,16,1000,4.0,top1_a2b,0.922
en-fr-starved,starved,en-fr,16,1000,4.0,top1_b2a,0.722
en-fr-starved,starved,en-fr,16,1000,4.0,mexa_mutual,0.672
en-fr-starved,starved,en-fr,16,1000,4.0,hungarian,1.0
en-zh-starved,starved,en-zh,0,2009,,top1_a2b,0.11498257839721254
en-zh-starved,starved,en-zh,0,2009,,top1_b2a,0.08262817322050771
en-zh-starved,starved,en-zh,0,2009,,mexa_mutual,0.049776007964161276
en-zh-starved,starved,en-zh,0,2009,,hungarian,0.15778994524639123
en-zh-starved,starved,en-zh,0,1000,0.0,top1_a2b,0.137
en-zh-starved,starved,en-zh,0,1000,0.0,top1_b2a,0.096
en-zh-starved,starved,en-zh,0,1000,0.0,mexa_mutual,0.062
en-zh-starved,starved,en-zh,0,1000,0.0,hungarian,0.166
en-zh-starved,starved,en-zh,0,1000,1.0,top1_a2b,0.149
en-zh-starved,starved,en-zh,0,1000,1.0,top1_b2a,0.096
en-zh-starved,starved,en-zh,0,1000,1.0,mexa_mutual,0.06
en-zh-starved,starved,en-zh,0,1000,1.0,hungarian,0.198
en-zh-starved,starved,en-zh,0,1000,2.0,top1_a2b,0.129
en-zh-starved,starved,en-zh,0,1000,2.0,top1_b2a,0.112
en-zh-starved,starved,en-zh,0,1000,2.0,mexa_mutual,0.062
en-zh-starved,starved,en-zh,0,1000,2.0,hungarian,0.182
en-zh-starved,starved,en-zh,0,1000,3.0,top1_a2b,0.135
en-zh-starved,starved,en-zh,0,1000,3.0,top1_b2a,0.094
en-zh-starved,starved,en-zh,0,1000,3.0,mexa_mutual,0.056
en-zh-starved,starved,en-zh,0,1000,3.0,hungarian,0.188
en-zh-starved,starved,en-zh,0,1000,4.0,top1_a2b,0.146
en-zh-starved,starved,en-zh,0,1000,4.0,top1_b2a,0.106
en-zh-starved,starved,en-zh,0,1000,4.0,mexa_mutual,0.061
en-zh-starved,starved,en-zh,0,1000,4.0,hungarian,0.189
en-zh-starved,starved,en-zh,1,2009,,top1_a2b,0.3001493280238925
en-zh-starved,starved,en-zh,1,2009,,top1_b2a,0.12195121951219512
en-zh-starved,starved,en-zh,1,2009,,mexa_mutual,0.0746640119462419
en-zh-starved,starved,en-zh,1,2009,,hungarian,0.6814335490293678
en-zh-starved,starved,en-zh,1,1000,0.0,top1_a2b,0.317
en-zh-starved,starved,en-zh,1,1000,0.0,top1_b2a,0.147
en-zh-starved,starved,en-zh,1,1000,0.0,mexa_mutual,0.085
en-zh-starved,starved,en-zh,1,1000,0.0,hungarian,0.73
en-zh-starved,starved,en-zh,1,1000,1.0,top1_a2b,0.343
en-zh-starved,starved,en-zh,1,1000,1.0,top1_b2a,0.121
en-zh-starved,starved,en-zh,1,1000,1.0,mexa_mutual,0.078
en-zh-starved,starved,en-zh,1,1000,1.0,hungarian,0.757
en-zh-starved,starved,en-zh,1,1000,2.0,top1_a2b,0.328
en-zh-starved,starved,en-zh,1,1000,2.0,top1_b2a,0.138
en-zh-starved,starved,en-zh,1,1000,2.0,mexa_mutual,0.084
en-zh-starved,starved,en-zh,1,1000,2.0,hungarian,0.747
en-zh-starved,starved,en-zh,1,1000,3.0,top1_a2b,0.333
en-zh-starved,starved,en-zh,1,1000,3.0,top1_b2a,0.181
en-zh-starved,starved,en-zh,1,1000,3.0,mexa_mutual,0.099
en-zh-starved,starved,en-zh,1,1000,3.0,hungarian,0.723
en-zh-starved,starved,en-zh,1,1000,4.0,top1_a2b,0.358
en-zh-starved,starved,en-zh,1,1000,4.0,top1_b2a,0.152
en-zh-starved,starved,en-zh,1,1000,4.0,mexa_mutual,0.092
en-zh-starved,starved,en-zh,1,1000,4.0,hungarian,0.752
en-zh-starved,starved,en-zh,2,2009,,top1_a2b,0.30313588850174217
en-zh-starved,starved,en-zh,2,2009,,top1_b2a,0.12692882030861125
en-zh-starved,starved,en-zh,2,2009,,mexa_mutual,0.0627177700348432
en-zh-starved,starved,en-zh,2,2009,,hungarian,0.9407665505226481
en-zh-starved,starved,en-zh,2,1000,0.0,top1_a2b,0.321
en-zh-starved,starved,en-zh,2,1000,0.0,top1_b2a,0.145
en-zh-starved,starved,en-zh,2,1000,0.0,mexa_mutual,0.065
en-zh-starved,starved,en-zh,2,1000,0.0,hungarian,0.965
en-zh-starved,starved,en-zh,2,1000,1.0,top1_a2b,0.328
en-zh-starved,starved,en-zh,2,1000,1.0,top1_b2a,0.143
en-zh-starved,starved,en-zh,2,1000,1.0,mexa_mutual,0.078
en-zh-starved,starved,en-zh,2,1000,1.0,hungarian,0.951
en-zh-starved,starved,en-zh,2,1000,2.0,top1_a2b,0.33
en-zh-starved,starved,en-zh,2,1000,2.0,top1_b2a,0.127
en-zh-starved,starved,en-zh,2,1000,2.0,mexa_mutual,0.069
en-zh-starved,starved,en-zh,2,1000,2.0,hungarian,0.963
en-zh-starved,starved,en-zh,2,1000,3.0,top1_a2b,0.343
en-zh-starved,starved,en-zh,2,1000,3.0,top1_b2a,0.166
en-zh-starved,starved,en-zh,2,1000,3.0,mexa_mutual,0.086
en-zh-starved,starved,en-zh,2,1000,3.0,hungarian,0.959
en-zh-starved,starved,en-zh,2,1000,4.0,top1_a2b,0.358
en-zh-starved,starved,en-zh,2,1000,4.0,top1_b2a,0.155
en-zh-starved,starved,en-zh,2,1000,4.0,mexa_mutual,0.09
en-zh-starved,starved,en-zh,2,1000,4.0,hungarian,0.959
en-zh-starved,starved,en-zh,3,2009,,top1_a2b,0.35241413638626184
en-zh-starved,starved,en-zh,3,2009,,top1_b2a,0.20856147336983574
en-zh-starved,starved,en-zh,3,2009,,mexa_mutual,0.1134892981582877
en-zh-starved,starved,en-zh,3,2009,,hungarian,0.9651567944250871
en-zh-starved,starved,en-zh,3,1000,0.0,top1_a2b,0.382
en-zh-starved,starved,en-zh,3,1000,0.0,top1_b2a,0.228
en-zh-starved,starved,en-zh,3,1000,0.0,mexa_mutual,0.136
en-zh-starved,starved,en-zh,3,1000,0.0,hungarian,0.979
en-zh-starved,starved,en-zh,3,1000,1.0,top1_a2b,0.375
en-zh-starved,starved,en-zh,3,1000,1.0,top1_b2a,0.24
en-zh-starved,starved,en-zh,3,1000,1.0,mexa_mutual,0.133
en-zh-starved,starved,en-zh,3,1000,1.0,hungarian,0.977
en-zh-starved,starved,en-zh,3,1000,2.0,top1_a2b,0.379
en-zh-starved,starved,en-zh,3,1000,2.0,top1_b2a,0.227
en-zh-starved,starved,en-zh,3,1000,2.0,mexa_mutual,0.131
en-zh-starved,starved,en-zh,3,1000,2.0,hungarian,0.975
en-zh-starved,starved,en-zh,3,1000,3.0,top1_a2b,0.385
en-zh-starved,starved,en-zh,3,1000,3.0,top1_b2a,0.256
en-zh-starved,starved,en-zh,3,1000,3.0,mexa_mutual,0.137
en-zh-starved,starved,en-zh,3,1000,3.0,hungarian,0.973
en-zh-starved,starved,en-zh,3,1000,4.0,top1_a2b,0.393
en-zh-starved,starved,en-zh,3,1000,4.0,top1_b2a,0.257
en-zh-starved,starved,en-zh,3,1000,4.0,mexa_mutual,0.145
en-zh-starved,starved,en-zh,3,1000,4.0,hungarian,0.977
en-zh-starved,starved,en-zh,4,2009,,top1_a2b,0.4131408661025386
en-zh-starved,starved,en-zh,4,2009,,top1_b2a,0.31956197112991536
en-zh-starved,starved,en-zh,4,2009,,mexa_mutual,0.1752115480338477
en-zh-starved,starved,en-zh,4,2009,,hungarian,0.9785963165754107
en-zh-starved,starved,en-zh,4,1000,0.0,top1_a2b,0.448
en-zh-starved,starved,en-zh,4,1000,0.0,top1_b2a,0.35
en-zh-starved,starved,en-zh,4,1000,0.0,mexa_mutual,0.201
en-zh-starved,starved,en-zh,4,1000,0.0,hungarian,0.996
en-zh-starved,starved,en-zh,4,1000,1.0,top1_a2b,0.434
en-zh-starved,starved,en-zh,4,1000,1.0,top1_b2a,0.369
en-zh-starved,starved,en-zh,4,1000,1.0,mexa_mutual,0.207
en-zh-starved,starved,en-zh,4,1000,1.0,hungarian,0.987
en-zh-starved,starved,en-zh,4,1000,2.0,top1_a2b,0.464
en-zh-starved,starved,en-zh,4,1000,2.0,top1_b2a,0.345
en-zh-starved,starved,en-zh,4,1000,2.0,mexa_mutual,0.213
en-zh-starved,starved,en-zh,4,1000,2.0,hungarian,0.988
en-zh-starved,starved,en-zh,4,1000,3.0,top1_a2b,0.434
en-zh-starved,starved,en-zh,4,1000,3.0,top1_b2a,0.361
en-zh-starved,starved,en-zh,4,1000,3.0,mexa_mutual,0.2
en-zh-starved,starved,en-zh,4,1000,3.0,hungarian,0.979
en-zh-starved,starved,en-zh,4,1000,4.0,top1_a2b,0.449
en-zh-starved,starved,en-zh,4,1000,4.0,top1_b2a,0.408
en-zh-starved,starved,en-zh,4,1000,4.0,mexa_mutual,0.234
en-zh-starved,starved,en-zh,4,1000,4.0,hungarian,0.994
en-zh-starved,starved,en-zh,5,2009,,top1_a2b,0.30711796913887507
en-zh-starved,starved,en-zh,5,2009,,top1_b2a,0.3325037332005973
en-zh-starved,starved,en-zh,5,2009,,mexa_mutual,0.187655550024888
en-zh-starved,starved,en-zh,5,2009,,hungarian,0.5679442508710801
en-zh-starved,starved,en-zh,5,1000,0.0,top1_a2b,0.343
en-zh-starved,starved,en-zh,5,1000,0.0,top1_b2a,0.372
en-zh-starved,starved,en-zh,5,1000,0.0,mexa_mutual,0.215
en-zh-starved,starved,en-zh,5,1000,0.0,hungarian,0.595
en-zh-starved,starved,en-zh,5,1000,1.0,top1_a2b,0.334
en-zh-starved,starved,en-zh,5,1000,1.0,top1_b2a,0.374
en-zh-starved,starved,en-zh,5,1000,1.0,mexa_mutual,0.218
en-zh-starved,starved,en-zh,5,1000,1.0,hungarian,0.588
en-zh-starved,starved,en-zh,5,1000,2.0,top1_a2b,0.342
en-zh-starved,starved,en-zh,5,1000,2.0,top1_b2a,0.381
en-zh-starved,starved,en-zh,5,1000,2.0,mexa_mutual,0.227
en-zh-starved,starved,en-zh,5,1000,2.0,hungarian,0.581
en-zh-starved,starved,en-zh,5,1000,3.0,top1_a2b,0.324
en-zh-starved,starved,en-zh,5,1000,3.0,top1_b2a,0.333
en-zh-starved,starved,en-zh,5,1000,3.0,mexa_mutual,0.197
en-zh-starved,starved,en-zh,5,1000,3.0,hungarian,0.561
en-zh-starved,starved,en-zh,5,1000,4.0,top1_a2b,0.338
en-zh-starved,starved,en-zh,5,1000,4.0,top1_b2a,0.376
en-zh-starved,starved,en-zh,5,1000,4.0,mexa_mutual,0.226
en-zh-starved,starved,en-zh,5,1000,4.0,hungarian,0.575
en-zh-starved,starved,en-zh,6,2009,,top1_a2b,0.4011946241911399
en-zh-starved,starved,en-zh,6,2009,,top1_b2a,0.47834743653558986
en-zh-starved,starved,en-zh,6,2009,,mexa_mutual,0.289198606271777
en-zh-starved,starved,en-zh,6,2009,,hungarian,0.6874066699850672
en-zh-starved,starved,en-zh,6,1000,0.0,top1_a2b,0.427
en-zh-starved,starved,en-zh,6,1000,0.0,top1_b2a,0.532
en-zh-starved,starved,en-zh,6,1000,0.0,mexa_mutual,0.331
en-zh-starved,starved,en-zh,6,1000,0.0,hungarian,0.72
en-zh-starved,starved,en-zh,6,1000,1.0,top1_a2b,0.434
en-zh-starved,starved,en-zh,6,1000,1.0,top1_b2a,0.499
en-zh-starved,starved,en-zh,6,1000,1.0,mexa_mutual,0.316
en-zh-starved,starved,en-zh,6,1000,1.0,hungarian,0.704
en-zh-starved,starved,en-zh,6,1000,2.0,top1_a2b,0.439
en-zh-starved,starved,en-zh,6,1000,2.0,top1_b2a,0.521
en-zh-starved,starved,en-zh,6,1000,2.0,mexa_mutual,0.326
en-zh-starved,starved,en-zh,6,1000,2.0,hungarian,0.72
en-zh-starved,starved,en-zh,6,1000,3.0,top1_a2b,0.418
en-zh-starved,starved,en-zh,6,1000,3.0,top1_b2a,0.481
en-zh-starved,starved,en-zh,6,1000,3.0,mexa_mutual,0.296
en-zh-starved,starved,en-zh,6,1000,3.0,hungarian,0.693
en-zh-starved,starved,en-zh,6,1000,4.0,top1_a2b,0.43
en-zh-starved,starved,en-zh,6,1000,4.0,top1_b2a,0.504
en-zh-starved,starved,en-zh,6,1000,4.0,mexa_mutual,0.322
en-zh-starved,starved,en-zh,6,1000,4.0,hungarian,0.695
en-zh-starved,starved,en-zh,7,2009,,top1_a2b,0.5923344947735192
en-zh-starved,starved,en-zh,7,2009,,top1_b2a,0.6958685913389746
en-zh-starved,starved,en-zh,7,2009,,mexa_mutual,0.4917869586859134
en-zh-starved,starved,en-zh,7,2009,,hungarian,0.8471876555500248
en-zh-starved,starved,en-zh,7,1000,0.0,top1_a2b,0.615
en-zh-starved,starved,en-zh,7,1000,0.0,top1_b2a,0.738
en-zh-starved,starved,en-zh,7,1000,0.0,mexa_mutual,0.529
en-zh-starved,starved,en-zh,7,1000,0.0,hungarian,0.849
en-zh-starved,starved,en-zh,7,1000,1.0,top1_a2b,0.61
en-zh-starved,starved,en-zh,7,1000,1.0,top1_b2a,0.727
en-zh-starved,starved,en-zh,7,1000,1.0,mexa_mutual,0.518
en-zh-starved,starved,en-zh,7,1000,1.0,hungarian,0.882
en-zh-starved,starved,en-zh,7,1000,2.0,top1_a2b,0.613
en-zh-starved,starved,en-zh,7,1000,2.0,top1_b2a,0.723
en-zh-starved,starved,en-zh,7,1000,2.0,mexa_mutual,0.512
en-zh-starved,starved,en-zh,7,1000,2.0,hungarian,0.851
en-zh-starved,starved,en-zh,7,1000,3.0,top1_a2b,0.601
en-zh-starved,starved,en-zh,7,1000,3.0,top1_b2a,0.694
en-zh-starved,starved,en-zh,7,1000,3.0,mexa_mutual,0.492
en-zh-starved,starved,en-zh,7,1000,3.0,hungarian,0.839
en-zh-starved,starved,en-zh,7,1000,4.0,top1_a2b,0.601
en-zh-starved,starved,en-zh,7,1000,4.0,top1_b2a,0.731
en-zh-starved,starved,en-zh,7,1000,4.0,mexa_mutual,0.505
en-zh-starved,starved,en-zh,7,1000,4.0,hungarian,0.854
en-zh-starved,starved,en-zh,8,2009,,top1_a2b,0.7247386759581882
en-zh-starved,starved,en-zh,8,2009,,top1_b2a,0.8382279741164759
en-zh-starved,starved,en-zh,8,2009,,mexa_mutual,0.6470881035340965
en-zh-starved,starved,en-zh,8,2009,,hungarian,0.9258337481333997
en-zh-starved,starved,en-zh,8,1000,0.0,top1_a2b,0.755
en-zh-starved,starved,en-zh,8,1000,0.0,top1_b2a,0.865
en-zh-starved,starved,en-zh,8,1000,0.0,mexa_mutual,0.683
en-zh-starved,starved,en-zh,8,1000,0.0,hungarian,0.942
en-zh-starved,starved,en-zh,8,1000,1.0,top1_a2b,0.747
en-zh-starved,starved,en-zh,8,1000,1.0,top1_b2a,0.871
en-zh-starved,starved,en-zh,8,1000,1.0,mexa_mutual,0.688
en-zh-starved,starved,en-zh,8,1000,1.0,hungarian,0.954
en-zh-starved,starved,en-zh,8,1000,2.0,top1_a2b,0.749
en-zh-starved,starved,en-zh,8,1000,2.0,top1_b2a,0.858
en-zh-starved,starved,en-zh,8,1000,2.0,mexa_mutual,0.671
en-zh-starved,starved,en-zh,8,1000,2.0,hungarian,0.934
en-zh-starved,starved,en-zh,8,1000,3.0,top1_a2b,0.728
en-zh-starved,starved,en-zh,8,1000,3.0,top1_b2a,0.849
en-zh-starved,starved,en-zh,8,1000,3.0,mexa_mutual,0.651
en-zh-starved,starved,en-zh,8,1000,3.0,hungarian,0.923
en-zh-starved,starved,en-zh,8,1000,4.0,top1_a2b,0.746
en-zh-starved,starved,en-zh,8,1000,4.0,top1_b2a,0.857
en-zh-starved,starved,en-zh,8,1000,4.0,mexa_mutual,0.676
en-zh-starved,starved,en-zh,8,1000,4.0,hungarian,0.929
en-zh-starved,starved,en-zh,9,2009,,top1_a2b,0.8218018914883026
en-zh-starved,starved,en-zh,9,2009,,top1_b2a,0.9223494275759084
en-zh-starved,starved,en-zh,9,2009,,mexa_mutual,0.7730214036834245
en-zh-starved,starved,en-zh,9,2009,,hungarian,0.9651567944250871
en-zh-starved,starved,en-zh,9,1000,0.0,top1_a2b,0.849
en-zh-starved,starved,en-zh,9,1000,0.0,top1_b2a,0.933
en-zh-starved,starved,en-zh,9,1000,0.0,mexa_mutual,0.802
en-zh-starved,starved,en-zh,9,1000,0.0,hungarian,0.974
en-zh-starved,starved,en-zh,9,1000,1.0,top1_a2b,0.844
en-zh-starved,starved,en-zh,9,1000,1.0,top1_b2a,0.946
en-zh-starved,starved,en-zh,9,1000,1.0,mexa_mutual,0.808
en-zh-starved,starved,en-zh,9,1000,1.0,hungarian,0.985
en-zh-starved,starved,en-zh,9,1000,2.0,top1_a2b,0.84
en-zh-starved,starved,en-zh,9,1000,2.0,top1_b2a,0.931
en-zh-starved,starved,en-zh,9,1000,2.0,mexa_mutual,0.791
en-zh-starved,starved,en-zh,9,1000,2.0,hungarian,0.97
en-zh-starved,starved,en-zh,9,1000,3.0,top1_a2b,0.827
en-zh-starved,starved,en-zh,9,1000,3.0,top1_b2a,0.921
en-zh-starved,starved,en-zh,9,1000,3.0,mexa_mutual,0.775
en-zh-starved,starved,en-zh,9,1000,3.0,hungarian,0.963
en-zh-starved,starved,en-zh,9,1000,4.0,top1_a2b,0.844
en-zh-starved,starved,en-zh,9,1000,4.0,top1_b2a,0.925
en-zh-starved,starved,en-zh,9,1000,4.0,mexa_mutual,0.796
en-zh-starved,starved,en-zh,9,1000,4.0,hungarian,0.962
en-zh-starved,starved,en-zh,10,2009,,top1_a2b,0.8656047784967645
en-zh-starved,starved,en-zh,10,2009,,top1_b2a,0.9477351916376306
en-zh-starved,starved,en-zh,10,2009,,mexa_mutual,0.8297660527625684
en-zh-starved,starved,en-zh,10,2009,,hungarian,0.9855649576903932
en-zh-starved,starved,en-zh,10,1000,0.0,top1_a2b,0.889
en-zh-starved,starved,en-zh,10,1000,0.0,top1_b2a,0.954
en-zh-starved,starved,en-zh,10,1000,0.0,mexa_mutual,0.857
en-zh-starved,starved,en-zh,10,1000,0.0,hungarian,0.982
en-zh-starved,starved,en-zh,10,1000,1.0,top1_a2b,0.889
en-zh-starved,starved,en-zh,10,1000,1.0,top1_b2a,0.962
en-zh-starved,starved,en-zh,10,1000,1.0,mexa_mutual,0.861
en-zh-starved,starved,en-zh,10,1000,1.0,hungarian,0.994
en-zh-starved,starved,en-zh,10,1000,2.0,top1_a2b,0.884
en-zh-starved,starved,en-zh,10,1000,2.0,top1_b2a,0.957
en-zh-starved,starved,en-zh,10,1000,2.0,mexa_mutual,0.853
en-zh-starved,starved,en-zh,10,1000,2.0,hungarian,0.987
en-zh-starved,starved,en-zh,10,1000,3.0,top1_a2b,0.876
en-zh-starved,starved,en-zh,10,1000,3.0,top1_b2a,0.945
en-zh-starved,starved,en-zh,10,1000,3.0,mexa_mutual,0.831
en-zh-starved,starved,en-zh,10,1000,3.0,hungarian,0.984
en-zh-starved,starved,en-zh,10,1000,4.0,top1_a2b,0.884
en-zh-starved,starved,en-zh,10,1000,4.0,top1_b2a,0.952
en-zh-starved,starved,en-zh,10,1000,4.0,mexa_mutual,0.849
en-zh-starved,starved,en-zh,10,1000,4.0,hungarian,0.98
en-zh-starved,starved,en-zh,11,2009,,top1_a2b,0.8899950223992036
en-zh-starved,starved,en-zh,11,2009,,top1_b2a,0.9581881533101045
en-zh-starved,starved,en-zh,11,2009,,mexa_mutual,0.8571428571428571
en-zh-starved,starved,en-zh,11,2009,,hungarian,0.9930313588850174
en-zh-starved,starved,en-zh,11,1000,0.0,top1_a2b,0.914
en-zh-starved,starved,en-zh,11,1000,0.0,top1_b2a,0.966
en-zh-starved,starved,en-zh,11,1000,0.0,mexa_mutual,0.888
en-zh-starved,starved,en-zh,11,1000,0.0,hungarian,0.996
en-zh-starved,starved,en-zh,11,1000,1.0,top1_a2b,0.911
en-zh-starved,starved,en-zh,11,1000,1.0,top1_b2a,0.971
en-zh-starved,starved,en-zh,11,1000,1.0,mexa_mutual,0.887
en-zh-starved,starved,en-zh,11,1000,1.0,hungarian,0.998
en-zh-starved,starved,en-zh,11,1000,2.0,top1_a2b,0.91
en-zh-starved,starved,en-zh,11,1000,2.0,top1_b2a,0.969
en-zh-starved,starved,en-zh,11,1000,2.0,mexa_mutual,0.883
en-zh-starved,starved,en-zh,11,1000,2.0,hungarian,0.996
en-zh-starved,starved,en-zh,11,1000,3.0,top1_a2b,0.901
en-zh-starved,starved,en-zh,11,1000,3.0,top1_b2a,0.958
en-zh-starved,starved,en-zh,11,1000,3.0,mexa_mutual,0.865
en-zh-starved,starved,en-zh,11,1000,3.0,hungarian,0.994
en-zh-starved,starved,en-zh,11,1000,4.0,top1_a2b,0.909
en-zh-starved,starved,en-zh,11,1000,4.0,top1_b2a,0.96
en-zh-starved,starved,en-zh,11,1000,4.0,mexa_mutual,0.875
en-zh-starved,starved,en-zh,11,1000,4.0,hungarian,0.992
en-zh-starved,starved,en-zh,12,2009,,top1_a2b,0.9054255848680935
en-zh-starved,starved,en-zh,12,2009,,top1_b2a,0.960179193628671
en-zh-starved,starved,en-zh,12,2009,,mexa_mutual,0.8725734196117472
en-zh-starved,starved,en-zh,12,2009,,hungarian,0.9970134395221503
en-zh-starved,starved,en-zh,12,1000,0.0,top1_a2b,0.929
en-zh-starved,starved,en-zh,12,1000,0.0,top1_b2a,0.967
en-zh-starved,starved,en-zh,12,1000,0.0,mexa_mutual,0.902
en-zh-starved,starved,en-zh,12,1000,0.0,hungarian,0.996
en-zh-starved,starved,en-zh,12,1000,1.0,top1_a2b,0.93
en-zh-starved,starved,en-zh,12,1000,1.0,top1_b2a,0.976
en-zh-starved,starved,en-zh,12,1000,1.0,mexa_mutual,0.91
en-zh-starved,starved,en-zh,12,1000,1.0,hungarian,0.998
en-zh-starved,starved,en-zh,12,1000,2.0,top1_a2b,0.925
en-zh-starved,starved,en-zh,12,1000,2.0,top1_b2a,0.968
en-zh-starved,starved,en-zh,12,1000,2.0,mexa_mutual,0.898
en-zh-starved,starved,en-zh,12,1000,2.0,hungarian,0.996
en-zh-starved,starved,en-zh,12,1000,3.0,top1_a2b,0.924
en-zh-starved,starved,en-zh,12,1000,3.0,top1_b2a,0.96
en-zh-starved,starved,en-zh,12,1000,3.0,mexa_mutual,0.888
en-zh-starved,starved,en-zh,12,1000,3.0,hungarian,1.0
en-zh-starved,starved,en-zh,12,1000,4.0,top1_a2b,0.921
en-zh-starved,starved,en-zh,12,1000,4.0,top1_b2a,0.965
en-zh-starved,starved,en-zh,12,1000,4.0,mexa_mutual,0.891
en-zh-starved,starved,en-zh,12,1000,4.0,hungarian,0.998
en-zh-starved,starved,en-zh,13,2009,,top1_a2b,0.9273270283723245
en-zh-starved,starved,en-zh,13,2009,,top1_b2a,0.9636635141861623
en-zh-starved,starved,en-zh,13,2009,,mexa_mutual,0.8994524639123942
en-zh-starved,starved,en-zh,13,2009,,hungarian,0.9990044798407167
en-zh-starved,starved,en-zh,13,1000,0.0,top1_a2b,0.954
en-zh-starved,starved,en-zh,13,1000,0.0,top1_b2a,0.972
en-zh-starved,starved,en-zh,13,1000,0.0,mexa_mutual,0.934
en-zh-starved,starved,en-zh,13,1000,0.0,hungarian,0.998
en-zh-starved,starved,en-zh,13,1000,1.0,top1_a2b,0.946
en-zh-starved,starved,en-zh,13,1000,1.0,top1_b2a,0.974
en-zh-starved,starved,en-zh,13,1000,1.0,mexa_mutual,0.927
en-zh-starved,starved,en-zh,13,1000,1.0,hungarian,1.0
en-zh-starved,starved,en-zh,13,1000,2.0,top1_a2b,0.95
en-zh-starved,starved,en-zh,13,1000,2.0,top1_b2a,0.976
en-zh-starved,starved,en-zh,13,1000,2.0,mexa_mutual,0.93
en-zh-starved,starved,en-zh,13,1000,2.0,hungarian,1.0
en-zh-starved,starved,en-zh,13,1000,3.0,top1_a2b,0.948
en-zh-starved,starved,en-zh,13,1000,3.0,top1_b2a,0.965
en-zh-starved,starved,en-zh,13,1000,3.0,mexa_mutual,0.919
en-zh-starved,starved,en-zh,13,1000,3.0,hungarian,1.0
en-zh-starved,starved,en-zh,13,1000,4.0,top1_a2b,0.942
en-zh-starved,starved,en-zh,13,1000,4.0,top1_b2a,0.972
en-zh-starved,starved,en-zh,13,1000,4.0,mexa_mutual,0.921
en-zh-starved,starved,en-zh,13,1000,4.0,hungarian,1.0
en-zh-starved,starved,en-zh,14,2009,,top1_a2b,0.9417620706819313
en-zh-starved,starved,en-zh,14,2009,,top1_b2a,0.9527127924340468
en-zh-starved,starved,en-zh,14,2009,,mexa_mutual,0.9094076655052264
en-zh-starved,starved,en-zh,14,2009,,hungarian,0.9980089596814335
en-zh-starved,starved,en-zh,14,1000,0.0,top1_a2b,0.962
en-zh-starved,starved,en-zh,14,1000,0.0,top1_b2a,0.96
en-zh-starved,starved,en-zh,14,1000,0.0,mexa_mutual,0.932
en-zh-starved,starved,en-zh,14,1000,0.0,hungarian,0.998
en-zh-starved,starved,en-zh,14,1000,1.0,top1_a2b,0.961
en-zh-starved,starved,en-zh,14,1000,1.0,top1_b2a,0.966
en-zh-starved,starved,en-zh,14,1000,1.0,mexa_mutual,0.935
en-zh-starved,starved,en-zh,14,1000,1.0,hungarian,1.0
en-zh-starved,starved,en-zh,14,1000,2.0,top1_a2b,0.951
en-zh-starved,starved,en-zh,14,1000,2.0,top1_b2a,0.964
en-zh-starved,starved,en-zh,14,1000,2.0,mexa_mutual,0.924
en-zh-starved,starved,en-zh,14,1000,2.0,hungarian,0.998
en-zh-starved,starved,en-zh,14,1000,3.0,top1_a2b,0.961
en-zh-starved,starved,en-zh,14,1000,3.0,top1_b2a,0.958
en-zh-starved,starved,en-zh,14,1000,3.0,mexa_mutual,0.926
en-zh-starved,starved,en-zh,14,1000,3.0,hungarian,1.0
en-zh-starved,starved,en-zh,14,1000,4.0,top1_a2b,0.952
en-zh-starved,starved,en-zh,14,1000,4.0,top1_b2a,0.966
en-zh-starved,starved,en-zh,14,1000,4.0,mexa_mutual,0.93
en-zh-starved,starved,en-zh,14,1000,4.0,hungarian,1.0
en-zh-starved,starved,en-zh,15,2009,,top1_a2b,0.8267794922847188
en-zh-starved,starved,en-zh,15,2009,,top1_b2a,0.8272772523643603
en-zh-starved,starved,en-zh,15,2009,,mexa_mutual,0.7202588352414137
en-zh-starved,starved,en-zh,15,2009,,hungarian,0.9980089596814335
en-zh-starved,starved,en-zh,15,1000,0.0,top1_a2b,0.873
en-zh-starved,starved,en-zh,15,1000,0.0,top1_b2a,0.873
en-zh-starved,starved,en-zh,15,1000,0.0,mexa_mutual,0.783
en-zh-starved,starved,en-zh,15,1000,0.0,hungarian,0.998
en-zh-starved,starved,en-zh,15,1000,1.0,top1_a2b,0.882
en-zh-starved,starved,en-zh,15,1000,1.0,top1_b2a,0.844
en-zh-starved,starved,en-zh,15,1000,1.0,mexa_mutual,0.776
en-zh-starved,starved,en-zh,15,1000,1.0,hungarian,1.0
en-zh-starved,starved,en-zh,15,1000,2.0,top1_a2b,0.86
en-zh-starved,starved,en-zh,15,1000,2.0,top1_b2a,0.852
en-zh-starved,starved,en-zh,15,1000,2.0,mexa_mutual,0.765
en-zh-starved,starved,en-zh,15,1000,2.0,hungarian,0.998
en-zh-starved,starved,en-zh,15,1000,3.0,top1_a2b,0.849
en-zh-starved,starved,en-zh,15,1000,3.0,top1_b2a,0.852
en-zh-starved,starved,en-zh,15,1000,3.0,mexa_mutual,0.745
en-zh-starved,starved,en-zh,15,1000,3.0,hungarian,0.997
en-zh-starved,starved,en-zh,15,1000,4.0,top1_a2b,0.885
en-zh-starved,starved,en-zh,15,1000,4.0,top1_b2a,0.876
en-zh-starved,starved,en-zh,15,1000,4.0,mexa_mutual,0.806
en-zh-starved,starved,en-zh,15,1000,4.0,hungarian,0.998
en-zh-starved,starved,en-zh,16,2009,,top1_a2b,0.09059233449477352
en-zh-starved,starved,en-zh,16,2009,,top1_b2a,0.018914883026381283
en-zh-starved,starved,en-zh,16,2009,,mexa_mutual,0.013439522150323544
en-zh-starved,starved,en-zh,16,2009,,hungarian,1.0
en-zh-starved,starved,en-zh,16,1000,0.0,top1_a2b,0.163
en-zh-starved,starved,en-zh,16,1000,0.0,top1_b2a,0.015
en-zh-starved,starved,en-zh,16,1000,0.0,mexa_mutual,0.011
en-zh-starved,starved,en-zh,16,1000,0.0,hungarian,1.0
en-zh-starved,starved,en-zh,16,1000,1.0,top1_a2b,0.203
en-zh-starved,starved,en-zh,16,1000,1.0,top1_b2a,0.018
en-zh-starved,starved,en-zh,16,1000,1.0,mexa_mutual,0.015
en-zh-starved,starved,en-zh,16,1000,1.0,hungarian,1.0
en-zh-starved,starved,en-zh,16,1000,2.0,top1_a2b,0.151
en-zh-starved,starved,en-zh,16,1000,2.0,top1_b2a,0.204
en-zh-starved,starved,en-zh,16,1000,2.0,mexa_mutual,0.074
en-zh-starved,starved,en-zh,16,1000,2.0,hungarian,1.0
en-zh-starved,starved,en-zh,16,1000,3.0,top1_a2b,0.088
en-zh-starved,starved,en-zh,16,1000,3.0,top1_b2a,0.019
en-zh-starved,starved,en-zh,16,1000,3.0,mexa_mutual,0.014
en-zh-starved,starved,en-zh,16,1000,3.0,hungarian,1.0
en-zh-starved,starved,en-zh,16,1000,4.0,top1_a2b,0.163
en-zh-starved,starved,en-zh,16,1000,4.0,top1_b2a,0.149
en-zh-starved,starved,en-zh,16,1000,4.0,mexa_mutual,0.074
en-zh-starved,starved,en-zh,16,1000,4.0,hungarian,1.0
