{
  "corpus_composition": {
    "starved": {
      "n_files": 419,
      "by_script": {
        "Latn": 289,
        "Cyrl": 49,
        "Arab": 21,
        "Deva": 13,
        "Hani": 4,
        "Mymr": 4,
        "Beng": 3,
        "Grek": 3,
        "Hebr": 3,
        "Syrc": 2,
        "Ethi": 2,
        "Tibt": 2,
        "Armn": 2,
        "Knda": 2,
        "Geor": 2,
        "Copt": 1,
        "Thaa": 1,
        "(no script tag)": 1,
        "Gujr": 1,
        "Cans": 1,
        "Jpan": 1,
        "Khmr": 1,
        "Hang": 1,
        "Laoo": 1,
        "Mlym": 1,
        "Orya": 1,
        "Guru": 1,
        "Olck": 1,
        "Sinh": 1,
        "Taml": 1,
        "Telu": 1,
        "Thai": 1,
        "Tfng": 1
      },
      "files": null
    },
    "destarved": {
      "n_files": 5,
      "by_script": {
        "(no script tag)": 5
      },
      "files": [
        "ar",
        "de",
        "en",
        "fr",
        "zh"
      ]
    }
  },
  "benchmark_gain_reconstruction": {
    "bilingual_en_X_per_budget": {
      "de": {
        "2b": 1.581538569266533,
        "5b": 1.6966638390148467,
        "10b": 1.9718571714009772,
        "15b": 2.1413535501404666,
        "23b": 0.3816109958752041
      },
      "fr": {
        "2b": 0.5004289706899162,
        "5b": 1.2845015291454887,
        "10b": 0.5162036964141314,
        "15b": 3.5930520796747247,
        "23b": 0.7238627404565157
      },
      "ar": {
        "2b": 0.5573003541599514,
        "5b": 1.687375786454241,
        "10b": 0.6870430879448008,
        "15b": 0.4998866196927926,
        "23b": 1.3270788022402291
      },
      "zh": {
        "2b": 0.4365414657760758,
        "5b": 1.6759700703454525,
        "10b": 0.6651453867484092,
        "15b": 0.9641489875205667,
        "23b": 1.8429419430192895
      }
    },
    "monolingual_X_per_budget": {
      "de": {
        "1b": null,
        "2b": null,
        "5b": null,
        "8b": null,
        "12b": null,
        "15b": null
      },
      "fr": {
        "1b": 1.6376617851558786,
        "2b": 3.0203747319520162,
        "5b": -0.7792886081411243,
        "8b": 0.8914993580401394,
        "12b": 1.2654421196202759,
        "15b": 1.6928291097836956
      },
      "ar": {
        "1b": -0.4007086575188052,
        "2b": 0.7962231977532158,
        "5b": 0.36713711187828457,
        "8b": 1.815650459790478,
        "12b": 1.3701369640680412,
        "15b": 1.8692180888306553
      },
      "zh": {
        "1b": 1.236334251024117,
        "2b": 1.4662867809056812,
        "5b": 1.4462957616362737,
        "8b": 0.6599126060146832,
        "12b": 2.1708750488629756,
        "15b": null
      }
    }
  },
  "artifact_control_untrained_language": {
    "en": {
      "trained_on": 1.6514469319605847,
      "never_trained_on": 1.3345528892423524
    },
    "de": {
      "trained_on": 1.5546048251396054,
      "never_trained_on": -0.535194797898239
    },
    "fr": {
      "trained_on": 1.304233410253787,
      "never_trained_on": -0.14800878647940405
    },
    "ar": {
      "trained_on": 0.9614856195721713,
      "never_trained_on": -0.27171949372348314
    },
    "zh": {
      "trained_on": 1.2564452301853526,
      "never_trained_on": -0.38391757102177904
    }
  },
  "notes": "gain = (fair - starved) suite-mean accuracy delta in pp, same run type & budget."
}